Workbook
Name _1234\5678\90: CORE!$G$21
Name _1234\5678\91: CORE!$F$21
Name a: CORE!$B$2:$C$3
Name b: CORE!$D$2:$E$3
Name d: CORE!$B$4:$C$5
Name e: CORE!$D$4:$E$5
Name f: CORE!$G$2:$H$5
Name g: REF!$B$2:$B$5
Name h: CORE!$K$4:$K$6 CORE!$J$5:$L$5
Name i: SUM(CORE!$M$4:$N$5,h)
Name l: h+i
Name m: [1]Sheet1!$A$1
Name MYLAMBDA: _xlfn.LAMBDA(_xlpm.x,_xlpm.y,_xlpm.z,SUM(_xlpm.x*2,_xlpm.y*3,-_xlpm.z,LOGICAL!$D$12))
Name NAMEDCELL123: "'ciao"
Name QF_SYS_LISTPRICECURRENCY: CORE!$F$12

Sheet COVERAGE
A1: AREA | B1: FUNCTIONS
B2: IMPLEMENTED | C2: MISSING | D2: TOTAL | E2: COVERAGE | F2: MISSING RESPECT TOT
A3: AUTOMATION | B3: =COUNTIF(AUTOMATION!B$3:B$245,"=DONE") -> 0 | C3: =D3-B3 -> 3 | D3: =COUNTA(AUTOMATION!A$3:A$245) -> 3 | E3: =B3/D3 -> 0 | F3: =C3/D$18 -> 0.0055970149
A4: COMPATIBILITY | B4: =COUNTIF(COMPATIBILITY!B$3:B$97,"=DONE") -> 40 | C4: =D4-B4 -> 0 | D4: =COUNTA(COMPATIBILITY!A$3:A$97) -> 40 | E4: =B4/D4 -> 1 | F4: =C4/D$18 -> 0
A5: CUBE | B5: =COUNTIF(CUBE!B$3:B$92,"=DONE") -> 0 | C5: =D5-B5 -> 7 | D5: =COUNTA(CUBE!A$3:A$92) -> 7 | E5: =B5/D5 -> 0 | F5: =C5/D$18 -> 0.013059701
A6: DATABASE | B6: =COUNTIF(DATABASE!B$3:B$92,"=DONE") -> 0 | C6: =D6-B6 -> 12 | D6: =COUNTA(DATABASE!A$3:A$92) -> 12 | E6: =B6/D6 -> 0 | F6: =C6/D$18 -> 0.02238806
A7: DATE & TIME | B7: =COUNTIF('DATE & TIME'!B$3:B$245,"=DONE") -> 25 | C7: =D7-B7 -> 0 | D7: =COUNTA('DATE & TIME'!A$3:A$245) -> 25 | E7: =B7/D7 -> 1 | F7: =C7/D$18 -> 0
A8: ENGINEERING | B8: =COUNTIF(ENGINEERING!B$3:B$66,"=DONE") -> 54 | C8: =D8-B8 -> 0 | D8: =COUNTA(ENGINEERING!A$3:A$66) -> 54 | E8: =B8/D8 -> 1 | F8: =C8/D$18 -> 0
A9: FINANCIAL | B9: =COUNTIF(FINANCIAL!B$3:B$246,"=DONE") -> 55 | C9: =D9-B9 -> 0 | D9: =COUNTA(FINANCIAL!A$3:A$246) -> 55 | E9: =B9/D9 -> 1 | F9: =C9/D$18 -> 0
A10: INFORMATION | B10: =COUNTIF(INFORMATION!B$3:B$278,"=DONE") -> 16 | C10: =D10-B10 -> 6 | D10: =COUNTA(INFORMATION!A$3:A$278) -> 22 | E10: =B10/D10 -> 0.72727273 | F10: =C10/D$18 -> 0.01119403
A11: LOGICAL | B11: =COUNTIF(LOGICAL!B$3:B$282,"=DONE") -> 19 | C11: =D11-B11 -> 0 | D11: =COUNTA(LOGICAL!A$3:A$282) -> 19 | E11: =B11/D11 -> 1 | F11: =C11/D$18 -> 0
A12: LOOKUP | B12: =COUNTIF(LOOKUP!B$3:B$353,"=DONE") -> 33 | C12: =D12-B12 -> 7 | D12: =COUNTA(LOOKUP!A$3:A$353) -> 40 | E12: =B12/D12 -> 0.825 | F12: =C12/D$18 -> 0.013059701
A13: MATH & TRIG | B13: =COUNTIF('MATH & TRIG'!B$3:B$219,"=DONE") -> 71 | C13: =D13-B13 -> 9 | D13: =COUNTA('MATH & TRIG'!A$3:A$219) -> 80 | E13: =B13/D13 -> 0.8875 | F13: =C13/D$18 -> 0.016791045
A14: STATISTICAL | B14: =COUNTIF(STATISTICAL!B$3:B$197,"=DONE") -> 111 | C14: =D14-B14 -> 0 | D14: =COUNTA(STATISTICAL!A$3:A$197) -> 111 | E14: =B14/D14 -> 1 | F14: =C14/D$18 -> 0
A15: TEXT | B15: =COUNTIF(TEXT!B$3:B$265,"=DONE") -> 44 | C15: =D15-B15 -> 6 | D15: =COUNTA(TEXT!A$3:A$265) -> 50 | E15: =B15/D15 -> 0.88 | F15: =C15/D$18 -> 0.01119403
A16: WEB | B16: =COUNTIF(WEB!B$3:B$263,"=DONE") -> 0 | C16: =D16-B16 -> 3 | D16: =COUNTA(WEB!A$3:A$263) -> 3 | E16: =B16/D16 -> 0 | F16: =C16/D$18 -> 0.0055970149
A17: OPERATORS | B17: =COUNTIF(OPERATORS!B$3:B$300,"=DONE") -> 15 | C17: =D17-B17 -> 0 | D17: =COUNTA(OPERATORS!A$3:A$300) -> 15 | E17: =B17/D17 -> 1 | F17: =C17/D$18 -> 0
A18: TOTAL | B18: =SUM(B3:B17) -> 483 | C18: =SUM(C3:C17) -> 53 | D18: =SUM(D3:D17) -> 536 | E18: =B18/D18 -> 0.9011194 | F18: =C18/D$18 -> 0.098880597

Sheet AUTOMATION
A1: COVERAGE | B1: =COUNTIF(B3:B52,"=DONE")/COUNTA(A3:A52) -> 0 | C1: INPUTS | R1: EVAL
A2: FUNCTION | B2: STATUS | C2: NUMERIC | H2: EMPTY | I2: STRING | J2: BOOL | K2: ERROR | R2: NUMERIC | W2: EMPTY | X2: STRING | Y2: BOOL | Z2: ERROR | AG2: ARRAY -> VALUE | AH2: ARRAY -> ARRAY
A3: CALL
A4: EUROCONVERT
A5: REGISTER.ID

Sheet COMPATIBILITY
A1: COVERAGE | B1: =COUNTIF(B3:B97,"=DONE")/COUNTA(A3:A97) -> 1 | C1: INPUTS | R1: EVAL
A2: FUNCTION | B2: STATUS | C2: NUMERIC | H2: EMPTY | I2: STRING | J2: BOOL | K2: ERROR | R2: NUMERIC | W2: EMPTY | X2: STRING | Y2: BOOL | Z2: ERROR | AG2: ARRAY -> VALUE | AH2: ARRAY -> ARRAY
A3: BETADIST | B3: DONE | C3: 0 | D3: 5 | E3: 0.7 | F3: 3 | G3: 4 | I3: 29/02/1900 | J3: TRUE | K3: #VALUE! | L3: #N/A | M3: #DIV/0! | N3: #NAME? | O3: #NULL! | P3: #NUM! | Q3: #REF! | R3: =BETADIST(C3,,,) -> #NUM! | S3: =BETADIST(D3,1,2) -> #NUM! | T3: =BETADIST(E3,"1","3", 0.5, 5) -> 0.1274952 | U3: =BETADIST(F3,-1,2) -> #NUM! | V3: =BETADIST(G3, 0,0) -> #NUM! | W3: =BETADIST(H3,H3,G3) -> #NUM! | X3: =BETADIST(I3,,I3) -> #NUM! | Y3: =BETADIST(J3,I3,E3) -> 1 | Z3: =BETADIST(K3,I3,G3) -> #VALUE! | AA3: =BETADIST(L3,J3,H3) -> #N/A | AB3: =BETADIST(M3,K3,I3) -> #DIV/0! | AC3: =BETADIST(N3,L3,J3) -> #NAME? | AD3: =BETADIST(O3,M3,K3) -> #NULL! | AE3: =BETADIST(P3,N3,L3) -> #NUM! | AF3: =BETADIST(Q3,O3,M3) -> #REF! | AG3: {=BETADIST(C3:Q3,3,3)} -> 0 | AH3: {=BETADIST(C3:Q3,3,4)} -> 0 | AI3: #NUM! | AJ3: 0.92953 | AK3: #NUM! | AL3: #NUM! | AM3: 0 | AN3: #NUM! | AO3: 1 | AP3: #VALUE! | AQ3: #N/A | AR3: #DIV/0! | AS3: #NAME? | AT3: #NULL! | AU3: #NUM! | AV3: #REF! | AW3: #N/A
A4: BETAINV | B4: DONE | C4: 0 | D4: 0.1 | E4: 0.7 | F4: 0.002 | G4: 4 | I4: 13/01/1900 | J4: TRUE | K4: #VALUE! | L4: #N/A | M4: #DIV/0! | N4: #NAME? | O4: #NULL! | P4: #NUM! | Q4: #REF! | R4: =BETAINV(C4,4,4) -> #NUM! | S4: =BETAINV(D4,2,2) -> 0.19580011 | T4: =BETAINV(0.4,2,E4) -> 0.73329229 | U4: =BETAINV(F4,4,3) -> 0.11264101 | V4: =BETAINV(G4,D4,E4) -> #NUM! | W4: =BETAINV(H4,3,2) -> #NUM! | X4: =BETAINV(0.9,I4, 1) -> 0.9919281 | Y4: =BETAINV(0.3,J4,2) -> 0.16333997 | Z4: =BETAINV(K4,C4,E4) -> #VALUE! | AA4: =BETAINV(L4,D4,F4) -> #N/A | AB4: =BETAINV(M4,E4,G4) -> #DIV/0! | AC4: =BETAINV(N4,F4,H4) -> #NAME? | AD4: =BETAINV(O4,G4,I4) -> #NULL! | AE4: =BETAINV(P4,H4,J4) -> #NUM! | AF4: =BETAINV(Q4,I4,K4) -> #REF! | AG4: {=BETAINV(C4:Q4,3,3)} -> #NUM! | AH4: {=BETAINV(C4:Q4, 3,2)} -> #NUM! | AI4: 0.32046058 | AJ4: 0.72761606 | AK4: 0.081046636 | AL4: #NUM! | AM4: #NUM! | AN4: #NUM! | AO4: #NUM! | AP4: #VALUE! | AQ4: #N/A | AR4: #DIV/0! | AS4: #NAME? | AT4: #NULL! | AU4: #NUM! | AV4: #REF! | AW4: #N/A
A5: BINOMDIST | B5: DONE | C5: 0 | D5: 5 | E5: 0.7 | F5: 3 | G5: 4 | I5: 29/02/1900 | J5: TRUE | K5: #VALUE! | L5: #N/A | M5: #DIV/0! | N5: #NAME? | O5: #NULL! | P5: #NUM! | Q5: #REF! | R5: =BINOMDIST(C5,,,) -> 1 | S5: =BINOMDIST(D5,10,0.2,FALSE) -> 0.026424115 | T5: =BINOMDIST(E5,"1",".3",5) -> 0.7 | U5: =BINOMDIST(F5,-1,0.2,"TRUE") -> #NUM! | V5: =BINOMDIST(G5, 7,0.4,1) -> 0.903744 | W5: =BINOMDIST(H5,H5,G5/7,1) -> 1 | X5: =BINOMDIST(I5,I5,,1) -> 1 | Y5: =BINOMDIST(J5,I5,E5,1) -> 5.9771533e-30 | Z5: =BINOMDIST(K5,I5,G5,1) -> #VALUE! | AA5: =BINOMDIST(L5,J5,H5,1) -> #N/A | AB5: =BINOMDIST(M5,K5,I5,1) -> #DIV/0! | AC5: =BINOMDIST(N5,L5,J5,1) -> #NAME? | AD5: =BINOMDIST(O5,M5,K5,1) -> #NULL! | AE5: =BINOMDIST(P5,N5,L5,1) -> #NUM! | AF5: =BINOMDIST(Q5,O5,M5,1) -> #REF! | AG5: {=BINOMDIST(C5:Q5,3,0.3,1)} -> 0.343 | AH5: {=BINOMDIST(C5:Q5,3,0.4,1)} -> 0.216 | AI5: #NUM! | AJ5: 0.216 | AK5: 1 | AL5: #NUM! | AM5: 0.216 | AN5: #NUM! | AO5: 0.648 | AP5: #VALUE! | AQ5: #N/A | AR5: #DIV/0! | AS5: #NAME? | AT5: #NULL! | AU5: #NUM! | AV5: #REF! | AW5: #N/A
A6: CEILING | B6: DONE | C6: 2.5 | D6: -255.5 | E6: -2.5 | F6: 5 | G6: 0.234 | I6: ciao | J6: TRUE | K6: #VALUE! | L6: #N/A | M6: #DIV/0! | N6: #NAME? | O6: #NULL! | P6: #NUM! | Q6: #REF! | R6: =CEILING(C6,1) -> 3 | S6: =CEILING(D6,-2) -> -256 | T6: =CEILING(E6,2) -> -2 | U6: =CEILING(F6,0) -> 0 | V6: =CEILING(G6,0.01) -> 0.24 | W6: =CEILING(H6,-2) -> 0 | X6: =CEILING(I6,0) -> #VALUE! | Y6: =CEILING(J6,0) -> 0 | Z6: =CEILING(2.3,K6) -> #VALUE! | AA6: =CEILING(2.3,L6) -> #N/A | AB6: =CEILING(2.3,M6) -> #DIV/0! | AC6: =CEILING(2.3,N6) -> #NAME? | AD6: =CEILING(2.3,O6) -> #NULL! | AE6: =CEILING(2.3,P6) -> #NUM! | AF6: =CEILING(2.3,Q6) -> #REF! | AH6: {=CEILING(C6:P6,D6:Q6)} -> #NUM! | AI6: -257.5 | AJ6: 0 | AK6: 5.148 | AL6: 0 | AM6: #VALUE! | AN6: #VALUE! | AO6: #VALUE! | AP6: #VALUE! | AQ6: #N/A | AR6: #DIV/0! | AS6: #NAME? | AT6: #NULL! | AU6: #NUM! | AV6: #N/A | AW6: #N/A
A7: CHIDIST | B7: DONE | C7: 0 | D7: 5 | E7: 0.7 | F7: 3 | G7: 4 | I7: 29/02/1900 | J7: TRUE | K7: #VALUE! | L7: #N/A | M7: #DIV/0! | N7: #NAME? | O7: #NULL! | P7: #NUM! | Q7: #REF! | R7: =CHIDIST(C7,) -> #NUM! | S7: =CHIDIST(D7,10) -> 0.89117802 | T7: =CHIDIST(E7,"1") -> 0.40278369 | U7: =CHIDIST(F7,-1) -> #NUM! | V7: =CHIDIST(G7, 7) -> 0.77977741 | W7: =CHIDIST(H7,H7) -> #NUM! | X7: =CHIDIST(I7,I7) -> 0.47571699 | Y7: =CHIDIST(J7,J7) -> 0.31731051 | Z7: =CHIDIST(K7,K7) -> #VALUE! | AA7: =CHIDIST(L7,L7) -> #N/A | AB7: =CHIDIST(M7,M7) -> #DIV/0! | AC7: =CHIDIST(N7,N7) -> #NAME? | AD7: =CHIDIST(O7,O7) -> #NULL! | ... AF7: =CHIDIST(Q7,Q7) -> #REF! | AG7: {=CHIDIST(C7:Q7,3)} -> 1 | AH7: {=CHIDIST(C7:Q7,3)} -> 1 | AI7: 0.17179714 | AJ7: 0.87320395 | AK7: 0.39162518 | AL7: 0.26146413 | AM7: 1 | AN7: 5.8782307e-13 | AO7: 0.80125196 | AP7: #VALUE! | AQ7: #N/A | AR7: #DIV/0! | AS7: #NAME? | AT7: #NULL! | AU7: #NUM! | AV7: #REF! | AW7: #N/A
A8: CHIINV | B8: DONE | C8: 10 | D8: 0.1 | E8: 0.7 | F8: 100 | G8: 4 | I8: 13/01/1900 | J8: TRUE | K8: #VALUE! | L8: #N/A | M8: #DIV/0! | N8: #NAME? | O8: #NULL! | P8: #NUM! | Q8: #REF! | R8: =CHIINV(C8,0.4) -> #NUM! | S8: =CHIINV(D8,9) -> 14.683657 | T8: =CHIINV(0.4,E8) -> #NUM! | U8: =CHIINV(0.01, F8) -> 135.80672 | V8: =CHIINV(D8,G8) -> 7.7794403 | W8: =CHIINV(H8,3) -> #NUM! | X8: =CHIINV(0.9,I8) -> 7.0415046 | Y8: =CHIINV(0.3,J8) -> 1.0741942 | Z8: =CHIINV(K8,C8) -> #VALUE! | AA8: =CHIINV(L8,D8) -> #N/A | AB8: =CHIINV(M8,E8) -> #DIV/0! | AC8: =CHIINV(N8,F8) -> #NAME? | AD8: =CHIINV(O8,G8) -> #NULL! | AE8: =CHIINV(P8,H8) -> #NUM! | AF8: =CHIINV(Q8,I8) -> #REF! | AG8: {=CHIINV(0.6, C8:Q8)} -> 8.2954718 | AH8: {=CHIINV(0.5, C8:Q8)} -> 9.3418178 | AI8: #NUM! | AJ8: #NUM! | AK8: 99.334129 | AL8: 3.356694 | AM8: #NUM! | AN8: 12.339756 | AO8: 0.45493642 | AP8: #VALUE! | AQ8: #N/A | AR8: #DIV/0! | AS8: #NAME? | AT8: #NULL! | AU8: #NUM! | AV8: #REF! | AW8: #N/A
A9: CHITEST | B9: DONE | C9: 10 | D9: 3.2 | E9: 0.7 | F9: 2 | G9: 4 | I9: 13/01/1900 | J9: TRUE | K9: #VALUE! | L9: #N/A | M9: #DIV/0! | N9: #NAME? | O9: #NULL! | P9: #NUM! | Q9: #REF! | R9: =CHITEST(C8:D9,E6:E9) -> 4.6026648e-17 | S9: =CHITEST(D9:E9,E9:G9) -> #N/A | T9: =CHITEST(E9:F9,G9:H9) -> 0.098942936 | U9: =CHITEST(D9,F9) -> #N/A | V9: =CHITEST(G9:I9,H9:J9) -> #DIV/0! | W9: =CHITEST(H9:I9,J9:K9) -> #VALUE! | X9: =CHITEST(I9:J9,K9:L9) -> #VALUE! | Y9: =CHITEST(J9:K9,L9:M9) -> #VALUE! | Z9: =CHITEST(K9:L9,M9:N9) -> #VALUE! | AA9: =CHITEST(L9:M9,N9:O9) -> #N/A | AB9: =CHITEST(M9:N9,O9:P9) -> #DIV/0! | AC9: =CHITEST(N9:O9,P9:Q9) -> #NAME? | AD9: =CHITEST(O9:P9,Q9:R9) -> #NUM! | ... AF9: =CHITEST(Q9:R9,S9:T9) -> #REF! | AG9: {=CHITEST(C8:D9, F8:G9)} -> 2.9254701e-27 | AH9: {=CHITEST(D9:E9, E9:F9)} -> 0.0017703822 | AI9: 0.0017703822 | AJ9: 0.0017703822 | AK9: 0.0017703822 | AL9: 0.0017703822 | AM9: 0.0017703822 | AN9: 0.0017703822 | AO9: 0.0017703822 | AP9: 0.0017703822 | AQ9: 0.0017703822 | AR9: 0.0017703822 | AS9: 0.0017703822 | AT9: 0.0017703822 | AU9: 0.0017703822 | AV9: 0.0017703822 | AW9: 0.0017703822
A10: CONFIDENCE | B10: DONE | C10: 0.1 | D10: 0.32 | E10: 0.7 | F10: 0.4 | G10: 0.9 | I10: 13/01/1900 | J10: TRUE | K10: #VALUE! | L10: #N/A | M10: #DIV/0! | N10: #NAME? | O10: #NULL! | P10: #NUM! | Q10: #REF! | R10: =CONFIDENCE(C10,,) -> #NUM! | S10: =CONFIDENCE(D10,10,FALSE) -> #NUM! | T10: =CONFIDENCE(E10,"1",5) -> 0.17232055 | U10: =CONFIDENCE(F10,-1,"TRUE") -> #VALUE! | V10: =CONFIDENCE(G10, 7,1) -> 0.87962943 | W10: =CONFIDENCE(H10,H10,1) -> #NUM! | X10: =CONFIDENCE(I10,I10,1) -> #NUM! | Y10: =CONFIDENCE(J10,J10,1) -> #NUM! | Z10: =CONFIDENCE(K10,K10,1) -> #VALUE! | AA10: =CONFIDENCE(L10,L10,1) -> #N/A | AB10: =CONFIDENCE(M10,M10,1) -> #DIV/0! | AC10: =CONFIDENCE(N10,N10,1) -> #NAME? | AD10: =CONFIDENCE(O10,O10,1) -> #NULL! | ... AF10: =CONFIDENCE(Q10,Q10,1) -> #REF! | AG10: {=CONFIDENCE(C10:Q10,3,1)} -> 4.9345609 | AH10: {=CONFIDENCE(C10:Q10,3,1)} -> 4.9345609 | AI10: 2.9833736 | AJ10: 1.1559614 | AK10: 2.5248637 | AL10: 0.37698404 | AM10: #NUM! | AN10: #NUM! | AO10: #NUM! | AP10: #VALUE! | AQ10: #N/A | AR10: #DIV/0! | AS10: #NAME? | AT10: #NULL! | AU10: #NUM! | AV10: #REF! | AW10: #N/A
A11: COVAR | B11: DONE | C11: 0 | D11: 0.1 | E11: 0.2 | F11: 0.3 | G11: -0.1 | I11: 29/02/1900 | J11: TRUE | K11: #VALUE! | L11: #N/A | M11: #DIV/0! | N11: #NAME? | O11: #NULL! | P11: #NUM! | Q11: #REF! | R11: =COVAR(C11:E11,E11:G11) -> -0.01 | S11: =COVAR(D11:F11,F11:H11) -> -0.01 | T11: =COVAR(E11:G11,G11:I11) -> 0 | U11: =COVAR(F11:H11,H11:J11) -> #DIV/0! | V11: =COVAR(G11:I11,I11:K11) -> #VALUE! | W11: =COVAR(H11:J11,J11:L11) -> #VALUE! | X11: =COVAR(I11:K11,K11:M11) -> #VALUE! | Y11: =COVAR(J11:L11,L11:N11) -> #N/A | ... AF11: =COVAR(Q11:S11,S11:U11) -> #REF! | AG11: {=COVAR(C11:E11,E11:G11)} -> -0.01 | AH11: {=COVAR(C11:E11,E11:G11)} -> -0.01 | AI11: -0.01 | AJ11: -0.01 | AK11: -0.01 | AL11: -0.01 | AM11: -0.01 | AN11: -0.01 | AO11: -0.01 | AP11: -0.01 | AQ11: -0.01 | AR11: -0.01 | AS11: -0.01 | AT11: -0.01 | AU11: -0.01 | AV11: -0.01 | AW11: -0.01
A12: CRITBINOM | B12: DONE | C12: 10 | D12: 0.1 | E12: 0.7 | F12: 100 | G12: 4 | I12: 13/01/1900 | J12: TRUE | K12: #VALUE! | L12: #N/A | M12: #DIV/0! | N12: #NAME? | O12: #NULL! | P12: #NUM! | Q12: #REF! | R12: =CRITBINOM(C12,0.4,0.4) -> 4 | S12: =CRITBINOM(D12,0.9,0.9) -> 0 | T12: =CRITBINOM(4,0.2,E12) -> 1 | U12: =CRITBINOM(F12,0.4,0.3) -> 37 | V12: =CRITBINOM(G12,D12,E12) -> 1 | W12: =CRITBINOM(H12,0.3,0.2) -> 0 | X12: =CRITBINOM(I12,0.9, 0.1) -> 10 | Y12: =CRITBINOM(0.3,J12,2) -> #NUM! | Z12: =CRITBINOM(K12,C12,E12) -> #VALUE! | AA12: =CRITBINOM(L12,D12,F12) -> #N/A | AB12: =CRITBINOM(M12,E12,G12) -> #DIV/0! | AC12: =CRITBINOM(N12,F12,H12) -> #NAME? | AD12: =CRITBINOM(O12,G12,I12) -> #NULL! | AE12: =CRITBINOM(P12,H12,J12) -> #NUM! | AF12: =CRITBINOM(Q12,I12,K12) -> #REF! | AG12: {=CRITBINOM(C12:Q12,0.3,0.3)} -> 2 | AH12: {=CRITBINOM(C12:Q12, 0.3,0.2)} -> 2 | AI12: 0 | AJ12: 0 | AK12: 26 | AL12: 0 | AM12: 0 | AN12: 2 | AO12: 0 | AP12: #VALUE! | AQ12: #N/A | AR12: #DIV/0! | AS12: #NAME? | AT12: #NULL! | AU12: #NUM! | AV12: #REF! | AW12: #N/A
A13: EXPONDIST | B13: DONE | C13: 0 | D13: 5 | E13: 0.7 | F13: 3 | G13: 4 | I13: 29/02/1900 | J13: TRUE | K13: #VALUE! | L13: #N/A | M13: #DIV/0! | N13: #NAME? | O13: #NULL! | P13: #NUM! | Q13: #REF! | R13: =EXPONDIST(C13,,) -> #NUM! | S13: =EXPONDIST(D13,10,FALSE) -> 1.9287498e-21 | T13: =EXPONDIST(E13,"1",5) -> 0.5034147 | U13: =EXPONDIST(F13,-1,"TRUE") -> #NUM! | V13: =EXPONDIST(G13, 7,1) -> 1 | W13: =EXPONDIST(H13,H13,1) -> #NUM! | X13: =EXPONDIST(I13,I13,1) -> 1 | Y13: =EXPONDIST(J13,I13,1) -> 1 | Z13: =EXPONDIST(K13,I13,1) -> #VALUE! | AA13: =EXPONDIST(L13,J13,1) -> #N/A | AB13: =EXPONDIST(M13,K13,1) -> #DIV/0! | AC13: =EXPONDIST(N13,L13,1) -> #NAME? | AD13: =EXPONDIST(O13,M13,1) -> #NULL! | AE13: =EXPONDIST(P13,N13,1) -> #NUM! | AF13: =EXPONDIST(Q13,O13,1) -> #REF! | AG13: {=EXPONDIST(C13:Q13,3,1)} -> 0 | AH13: {=EXPONDIST(C13:Q13,3,1)} -> 0 | AI13: 0.99999969 | AJ13: 0.87754357 | AK13: 0.99987659 | AL13: 0.99999386 | AM13: 0 | AN13: 1 | AO13: 0.95021293 | AP13: #VALUE! | AQ13: #N/A | AR13: #DIV/0! | AS13: #NAME? | AT13: #NULL! | AU13: #NUM! | AV13: #REF! | AW13: #N/A
A14: FDIST | B14: DONE | C14: 0 | D14: 5 | E14: 0.7 | F14: 3 | G14: 4 | I14: 29/02/1900 | J14: TRUE | K14: #VALUE! | L14: #N/A | M14: #DIV/0! | N14: #NAME? | O14: #NULL! | P14: #NUM! | Q14: #REF! | R14: =FDIST(C14,,) -> #NUM! | S14: =FDIST(D14,10,65) -> 2.3172483e-05 | T14: =FDIST(E14,3,"1") -> 0.68213246 | U14: =FDIST(F14,-1,32) -> #NUM! | V14: =FDIST(G14,32, 7) -> 0.031519045 | W14: =FDIST(H14,H14,32) -> #NUM! | X14: =FDIST(I14,I14,3) -> 0.0029635692 | Y14: =FDIST(J14,I14,3) -> 0.60084239 | Z14: =FDIST(K14,I14,89) -> #VALUE! | AA14: =FDIST(L14,J14,89) -> #N/A | AB14: =FDIST(M14,K14,89) -> #DIV/0! | AC14: =FDIST(N14,L14,89) -> #NAME? | AD14: =FDIST(O14,M14,89) -> #NULL! | AE14: =FDIST(P14,N14,89) -> #NUM! | AF14: =FDIST(Q14,O14,89) -> #REF! | AG14: {=FDIST(C14:Q14,3,20)} -> 1 | AH14: {=FDIST(C14:Q14,3,7)} -> 1 | AI14: 0.036673354 | AJ14: 0.58124968 | AK14: 0.10457022 | AL14: 0.059630822 | AM14: 1 | AN14: 2.3280966e-05 | AO14: 0.44707961 | AP14: #VALUE! | AQ14: #N/A | AR14: #DIV/0! | AS14: #NAME? | AT14: #NULL! | AU14: #NUM! | AV14: #REF! | AW14: #N/A
A15: FINV | B15: DONE | C15: 10 | D15: 0.1 | E15: 0.7 | F15: 100 | G15: 4 | I15: 13/01/1900 | J15: TRUE | K15: #VALUE! | L15: #N/A | M15: #DIV/0! | N15: #NAME? | O15: #NULL! | P15: #NUM! | Q15: #REF! | R15: =FINV(C15,0.4, 0.3) -> #NUM! | S15: =FINV(D15,9,34) -> 1.8224283 | T15: =FINV(0.4,E15,32) -> #NUM! | U15: =FINV(0.01, F15,2) -> 99.489163 | V15: =FINV(D15,G15,32) -> 2.1292876 | W15: =FINV(H15,3,33) -> #NUM! | X15: =FINV(0.9,I15,33) -> 0.51329505 | Y15: =FINV(0.3,J15,12) -> 1.173347 | Z15: =FINV(K15,C15,32) -> #VALUE! | AA15: =FINV(L15,D15,32) -> #N/A | AB15: =FINV(M15,E15,32) -> #DIV/0! | AC15: =FINV(N15,F15,32) -> #NAME? | AD15: =FINV(O15,G15,32) -> #NULL! | AE15: =FINV(P15,H15,32) -> #NUM! | AF15: =FINV(Q15,I15,32) -> #REF! | AG15: {=FINV(0.6, C15:Q15, 12)} -> 0.84453369 | AH15: {=FINV(0.5, C15:Q15, 120)} -> 0.93942399 | AI15: #NUM! | AJ15: #NUM! | AK15: 0.99888544 | AL15: 0.84393491 | AM15: #NUM! | AN15: 0.95453042 | AO15: 0.457706 | AP15: #VALUE! | AQ15: #N/A | AR15: #DIV/0! | AS15: #NAME? | AT15: #NULL! | AU15: #NUM! | AV15: #REF! | AW15: #N/A
A16: FLOOR | B16: DONE | C16: 2.5 | D16: -255.5 | E16: -2.5 | F16: 1.5 | G16: 0.234 | I16: ciao | J16: TRUE | K16: #VALUE! | L16: #N/A | M16: #DIV/0! | N16: #NAME? | O16: #NULL! | P16: #NUM! | Q16: #REF! | R16: =FLOOR(C16,1) -> 2 | S16: =FLOOR(D16,-2) -> -254 | T16: =FLOOR(E16,2) -> -4 | U16: =FLOOR(F16,0) -> #DIV/0! | V16: =FLOOR(G16,0.01) -> 0.23 | W16: =FLOOR(H16,-2) -> 0 | X16: =FLOOR(I16,0) -> #VALUE! | Y16: =FLOOR(J16,0) -> #DIV/0! | Z16: =FLOOR(2.3,K16) -> #VALUE! | AA16: =FLOOR(2.3,L16) -> #N/A | AB16: =FLOOR(2.3,M16) -> #DIV/0! | AC16: =FLOOR(2.3,N16) -> #NAME? | AD16: =FLOOR(2.3,O16) -> #NULL! | AE16: =FLOOR(2.3,P16) -> #NUM! | AF16: =FLOOR(2.3,Q16) -> #REF! | AH16: {=FLOOR(C16:P16,D16:Q16)} -> #NUM! | AI16: -255 | AJ16: -3 | AK16: 1.404 | AL16: #DIV/0! | AM16: #VALUE! | AN16: #VALUE! | AO16: #VALUE! | AP16: #VALUE! | AQ16: #N/A | AR16: #DIV/0! | AS16: #NAME? | AT16: #NULL! | AU16: #NUM! | AV16: #N/A | AW16: #N/A
A17: FTEST | B17: DONE | C17: 10 | D17: 3.2 | E17: 0.7 | F17: 2 | G17: 4 | I17: 13/01/1900 | J17: TRUE | K17: #VALUE! | L17: #N/A | M17: #DIV/0! | N17: #NAME? | O17: #NULL! | P17: #NUM! | Q17: #REF! | R17: =FTEST(C16:D17,E14:E17) -> 6.2687798e-06 | S17: =FTEST(D17:E17,E17:G17) -> 0.7979982 | T17: =FTEST(E17:F17,G17:H17) -> #DIV/0! | U17: =FTEST(D17,F17) -> #DIV/0! | V17: =FTEST(G17:I17,H17:J17) -> #DIV/0! | W17: =FTEST(H17:I17,J17:K17) -> #VALUE! | X17: =FTEST(I17:J17,K17:L17) -> #VALUE! | Y17: =FTEST(J17:K17,L17:M17) -> #VALUE! | Z17: =FTEST(K17:L17,M17:N17) -> #VALUE! | AA17: =FTEST(L17:M17,N17:O17) -> #N/A | AB17: =FTEST(M17:N17,O17:P17) -> #DIV/0! | AC17: =FTEST(N17:O17,P17:Q17) -> #NAME? | AD17: =FTEST(O17:P17,Q17:R17) -> #NUM! | ... AF17: =FTEST(Q17:R17,S17:T17) -> #REF! | AG17: {=FTEST(C16:D17, F16:G17)} -> 5.8704555e-06 | AH17: {=FTEST(D17:E17, E17:F17)} -> 0.61054293 | AI17: 0.61054293 | AJ17: 0.61054293 | AK17: 0.61054293 | AL17: 0.61054293 | AM17: 0.61054293 | AN17: 0.61054293 | AO17: 0.61054293 | AP17: 0.61054293 | AQ17: 0.61054293 | AR17: 0.61054293 | AS17: 0.61054293 | AT17: 0.61054293 | AU17: 0.61054293 | AV17: 0.61054293 | AW17: 0.61054293
A18: GAMMADIST | B18: DONE | C18: 0 | D18: 5 | E18: 0.7 | F18: 3 | G18: 4 | I18: 29/02/1900 | J18: TRUE | K18: #VALUE! | L18: #N/A | M18: #DIV/0! | N18: #NAME? | O18: #NULL! | P18: #NUM! | Q18: #REF! | R18: =GAMMADIST(C18,,,) -> #NUM! | S18: =GAMMADIST(D18,10,30,FALSE) -> 7.7156416e-15 | T18: =GAMMADIST(E18,"1",5, 3) -> 0.13064176 | U18: =GAMMADIST(F18,-1,3,"TRUE") -> #NUM! | V18: =GAMMADIST(G18, 7,4,1) -> 8.3241149e-05 | W18: =GAMMADIST(H18,H18,4,1) -> #NUM! | X18: =GAMMADIST(I18,I18,4,1) -> 1.7894866e-18 | Y18: =GAMMADIST(J18,I18,32,1) -> 5.7210704e-173 | Z18: =GAMMADIST(K18,I18,3,1) -> #VALUE! | AA18: =GAMMADIST(L18,J18,3,1) -> #N/A | AB18: =GAMMADIST(M18,K18,3,1) -> #DIV/0! | AC18: =GAMMADIST(N18,L18,3,1) -> #NAME? | AD18: =GAMMADIST(O18,M18,3,1) -> #NULL! | AE18: =GAMMADIST(P18,N18,3,1) -> #NUM! | AF18: =GAMMADIST(Q18,O18,3,1) -> #REF! | AG18: {=GAMMADIST(C18:Q18,3,3,1)} -> 0 | AH18: {=GAMMADIST(C18:Q18,1,3,1)} -> 0 | AI18: 0.8111244 | AJ18: 0.20811043 | AK18: 0.63212056 | AL18: 0.73640286 | AM18: 0 | AN18: 1 | AO18: 0.28346869 | AP18: #VALUE! | AQ18: #N/A | AR18: #DIV/0! | AS18: #NAME? | AT18: #NULL! | AU18: #NUM! | AV18: #REF! | AW18: #N/A
A19: GAMMAINV | B19: DONE | C19: 10 | D19: 0.1 | E19: 0.7 | F19: 100 | G19: 4 | I19: 13/01/1900 | J19: TRUE | K19: #VALUE! | L19: #N/A | M19: #DIV/0! | N19: #NAME? | O19: #NULL! | P19: #NUM! | Q19: #REF! | R19: =GAMMAINV(C19,0.4,3) -> #NUM! | S19: =GAMMAINV(D19,90,9) -> 702.68682 | T19: =GAMMAINV(0.4,E19, 32) -> 8.8217624 | U19: =GAMMAINV(0.01, F19,2) -> 156.43197 | V19: =GAMMAINV(D19,G19,32) -> 55.832626 | W19: =GAMMAINV(H19,3, 2.22) -> 0 | X19: =GAMMAINV(0.9,I19,781) -> 13887.418 | Y19: =GAMMAINV(0.3,J19, 332) -> 118.41608 | Z19: =GAMMAINV(K19,C19, 21) -> #VALUE! | AA19: =GAMMAINV(L19,D19, 21) -> #N/A | AB19: =GAMMAINV(M19,E19, 21) -> #DIV/0! | AC19: =GAMMAINV(N19,F19, 21) -> #NAME? | AD19: =GAMMAINV(O19,G19, 21) -> #NULL! | AE19: =GAMMAINV(P19,H19, 21) -> #NUM! | AF19: =GAMMAINV(Q19,I19, 21) -> #REF! | AG19: {=GAMMAINV(0.6, C19:Q19,32)} -> 335.22189 | AH19: {=GAMMAINV(0.5, C19:Q19, 23)} -> 222.38044 | AI19: 0.013647995 | AJ19: 9.3707462 | AK19: 2292.3379 | AL19: 84.457397 | AM19: #NUM! | AN19: 291.36927 | AO19: 15.942385 | AP19: #VALUE! | AQ19: #N/A | AR19: #DIV/0! | AS19: #NAME? | AT19: #NULL! | AU19: #NUM! | AV19: #REF! | AW19: #N/A
A20: HYPGEOMDIST | B20: DONE | C20: 0 | D20: 5 | E20: 0.7 | F20: 3 | G20: 4 | I20: 29/02/1900 | J20: TRUE | K20: #VALUE! | L20: #N/A | M20: #DIV/0! | N20: #NAME? | O20: #NULL! | P20: #NUM! | Q20: #REF! | R20: =HYPGEOMDIST(C20,,,) -> 1 | S20: =HYPGEOMDIST(D20,10,30,7) -> #NUM! | T20: =HYPGEOMDIST(E20,"1",5,8) -> 0.375 | U20: =HYPGEOMDIST(F20,-1,3,5) -> #NUM! | V20: =HYPGEOMDIST(G20,3, 7,4) -> #NUM! | W20: =HYPGEOMDIST(H20,H20,4,4) -> 1 | X20: =HYPGEOMDIST(I20,I20,4,4) -> #NUM! | Y20: =HYPGEOMDIST(J20,I20,45,32) -> #NUM! | Z20: =HYPGEOMDIST(K20,I20,3,3) -> #VALUE! | AA20: =HYPGEOMDIST(L20,J20,3,3) -> #N/A | AB20: =HYPGEOMDIST(M20,K20,3,3) -> #DIV/0! | AC20: =HYPGEOMDIST(N20,L20,3,3) -> #NAME? | AD20: =HYPGEOMDIST(O20,M20,3,3) -> #NULL! | AE20: =HYPGEOMDIST(P20,N20,3,3) -> #NUM! | AF20: =HYPGEOMDIST(Q20,O20,3,3) -> #REF! | AG20: {=HYPGEOMDIST(C20:Q20,2,3,3)} -> 0 | AH20: {=HYPGEOMDIST(C20:Q20, 3,2,30)} -> 0.80689655 | AI20: 0 | AJ20: 0.80689655 | AK20: 0 | AL20: 0 | AM20: 0.80689655 | AN20: 0 | AO20: 0.1862069 | AP20: #VALUE! | AQ20: #N/A | AR20: #DIV/0! | AS20: #NAME? | AT20: #NULL! | AU20: #NUM! | AV20: #REF! | AW20: #N/A
A21: LOGINV | B21: DONE | C21: 0 | D21: 0.1 | E21: 0.7 | F21: 0.002 | G21: 4 | I21: 13/01/1900 | J21: TRUE | K21: #VALUE! | L21: #N/A | M21: #DIV/0! | N21: #NAME? | O21: #NULL! | P21: #NUM! | Q21: #REF! | R21: =LOGINV(C21,4,4) -> #NUM! | S21: =LOGINV(D21,2,2) -> 0.56943927 | T21: =LOGINV(0.4,2,E21) -> 6.1882791 | U21: =LOGINV(F21,4,3) -> 0.0097111049 | V21: =LOGINV(G21,D21,E21) -> #NUM! | W21: =LOGINV(H21,3,2) -> #NUM! | X21: =LOGINV(0.9,I21, 1) -> 1593672.4 | Y21: =LOGINV(0.3,J21,2) -> 0.95237061 | Z21: =LOGINV(K21,C21,E21) -> #VALUE! | AA21: =LOGINV(L21,D21,F21) -> #N/A | AB21: =LOGINV(M21,E21,G21) -> #DIV/0! | AC21: =LOGINV(N21,F21,H21) -> #NAME? | AD21: =LOGINV(O21,G21,I21) -> #NULL! | AE21: =LOGINV(P21,H21,J21) -> #NUM! | AF21: =LOGINV(Q21,I21,K21) -> #REF! | AG21: {=LOGINV(C21:Q21,3,3)} -> #NUM! | AH21: {=LOGINV(C21:Q21, 3,2)} -> #NUM! | AI21: 1.5478964 | AJ21: 57.32868 | AK21: 0.06352489 | AL21: #NUM! | AM21: #NUM! | AN21: #NUM! | AO21: #NUM! | AP21: #VALUE! | AQ21: #N/A | AR21: #DIV/0! | AS21: #NAME? | AT21: #NULL! | AU21: #NUM! | AV21: #REF! | AW21: #N/A
A22: LOGNORMDIST | B22: DONE | C22: 0 | D22: 5 | E22: 0.7 | F22: 3 | G22: 4 | I22: 29/02/1900 | J22: TRUE | K22: #VALUE! | L22: #N/A | M22: #DIV/0! | N22: #NAME? | O22: #NULL! | P22: #NUM! | Q22: #REF! | R22: =LOGNORMDIST(C22,,) -> #NUM! | S22: =LOGNORMDIST(D22,1,2) -> 0.61970989 | T22: =LOGNORMDIST(E22,"1","3") -> 0.32555346 | U22: =LOGNORMDIST(F22,-1,2) -> 0.85298138 | V22: =LOGNORMDIST(G22, 0,0) -> #NUM! | W22: =LOGNORMDIST(H22,H22,G22) -> #NUM! | X22: =LOGNORMDIST(I22,,I22) -> 0.52720234 | Y22: =LOGNORMDIST(J22,I22,E22) -> 0 | Z22: =LOGNORMDIST(K22,I22,G22) -> #VALUE! | AA22: =LOGNORMDIST(L22,J22,H22) -> #N/A | AB22: =LOGNORMDIST(M22,K22,I22) -> #DIV/0! | AC22: =LOGNORMDIST(N22,L22,J22) -> #NAME? | AD22: =LOGNORMDIST(O22,M22,K22) -> #NULL! | AE22: =LOGNORMDIST(P22,N22,L22) -> #NUM! | AF22: =LOGNORMDIST(Q22,O22,M22) -> #REF! | AG22: {=LOGNORMDIST(C22:Q22,3,3)} -> #NUM! | AH22: {=LOGNORMDIST(C22:Q22,3,4)} -> #NUM! | AI22: 0.36405509 | AJ22: 0.20068731 | AK22: 0.31726986 | AL22: 0.34331728 | AM22: #NUM! | AN22: 0.60779866 | AO22: 0.22662735 | AP22: #VALUE! | AQ22: #N/A | AR22: #DIV/0! | AS22: #NAME? | AT22: #NULL! | AU22: #NUM! | AV22: #REF! | AW22: #N/A
A23: MODE | B23: DONE | C23: 0 | D23: 0.1 | E23: 0.2 | F23: 0.3 | G23: -0.1 | I23: 29/02/1900 | J23: TRUE | K23: #VALUE! | L23: #N/A | M23: #DIV/0! | N23: #NAME? | O23: #NULL! | P23: #NUM! | Q23: #REF! | R23: =MODE(C23:D23,D23:E23,E23:F23) -> 0.1 | S23: =MODE(D23:E23,E23:F23,F23:G23,"") -> 0.2 | T23: =MODE(E23:F23,F23:G23,G23:H23,"29/02/1900") -> 0.3 | U23: =MODE(F23:G23,G23:H23,H23:I23) -> -0.1 | V23: =MODE(G23:H23,H23:I23,I23:J23) -> #N/A | W23: =MODE(G23:H23) -> #N/A | X23: =MODE(I23,G23) -> #N/A | Y23: =MODE(J23,G23) -> #N/A | Z23: =MODE(K23:L23) -> #VALUE! | AA23: =MODE(L23:M23) -> #N/A | AB23: =MODE(M23:N23) -> #DIV/0! | AC23: =MODE(N23:O23) -> #NAME? | AD23: =MODE(O23:P23) -> #NULL! | AE23: =MODE(P23:Q23) -> #NUM! | AF23: =MODE(Q23:R23) -> #REF! | AG23: {=MODE(H23:J23)} -> #N/A | AH23: {=MODE(C23:J23,D23:F23,E23:G23)} -> 0.2 | AI23: 0.2 | AJ23: 0.2 | AK23: 0.2 | AL23: 0.2 | AM23: 0.2 | AN23: 0.2 | AO23: 0.2 | AP23: 0.2 | AQ23: 0.2 | AR23: 0.2 | AS23: 0.2 | AT23: 0.2 | AU23: 0.2 | AV23: 0.2 | AW23: 0.2
A24: NEGBINOMDIST | B24: DONE | C24: 0 | D24: 5 | E24: 0.7 | F24: 3 | G24: 4 | I24: 29/02/1900 | J24: TRUE | K24: #VALUE! | L24: #N/A | M24: #DIV/0! | N24: #NAME? | O24: #NULL! | P24: #NUM! | Q24: #REF! | R24: =NEGBINOMDIST(C24,,) -> #NUM! | S24: =NEGBINOMDIST(D24,10,0.2) -> 6.7175973e-05 | T24: =NEGBINOMDIST(E24,"1",".3") -> 0.3 | U24: =NEGBINOMDIST(F24,-1,0.2) -> #NUM! | V24: =NEGBINOMDIST(G24, 7,0.4) -> 0.044590694 | W24: =NEGBINOMDIST(H24,H24,G24/7) -> #NUM! | X24: =NEGBINOMDIST(I24,I24,) -> #NUM! | Y24: =NEGBINOMDIST(J24,I24,E24) -> 9.1443935e-09 | Z24: =NEGBINOMDIST(K24,I24,G24) -> #VALUE! | AA24: =NEGBINOMDIST(L24,J24,H24) -> #N/A | AB24: =NEGBINOMDIST(M24,K24,I24) -> #DIV/0! | AC24: =NEGBINOMDIST(N24,L24,J24) -> #NAME? | AD24: =NEGBINOMDIST(O24,M24,K24) -> #NULL! | AE24: =NEGBINOMDIST(P24,N24,L24) -> #NUM! | AF24: =NEGBINOMDIST(Q24,O24,M24) -> #REF! | AG24: {=NEGBINOMDIST(C24:Q24,3,0.3)} -> 0.027 | AH24: {=NEGBINOMDIST(C24:Q24,3,0.4)} -> 0.064 | AI24: 0.10450944 | AJ24: 0.064 | AK24: 0.13824 | AL24: 0.124416 | AM24: 0.064 | AN24: 5.914888e-12 | AO24: 0.1152 | AP24: #VALUE! | AQ24: #N/A | AR24: #DIV/0! | AS24: #NAME? | AT24: #NULL! | AU24: #NUM! | AV24: #REF! | AW24: #N/A
A25: NORM.INV | B25: DONE | C25: 0 | D25: -0.1 | E25: 0.7 | F25: 0.002 | G25: 4 | I25: 29/02/1900 | J25: TRUE | K25: #VALUE! | L25: #N/A | M25: #DIV/0! | N25: #NAME? | O25: #NULL! | P25: #NUM! | Q25: #REF! | R25: =_xlfn.NORM.INV(C25,4,4) -> #NUM! | S25: =_xlfn.NORM.INV(D25,2,2) -> #NUM! | T25: =_xlfn.NORM.INV(0.4,2,E25) -> 1.822657 | U25: =_xlfn.NORM.INV(F25,4,3) -> -4.6344852 | V25: =_xlfn.NORM.INV(G25,D25,E25) -> #NUM! | W25: =_xlfn.NORM.INV(H25,3,2) -> #NUM! | X25: =_xlfn.NORM.INV(0.3,I25,2) -> 58.951199 | Y25: =_xlfn.NORM.INV(0.3,J25,2) -> -0.048801025 | Z25: =_xlfn.NORM.INV(K25,C25,E25) -> #VALUE! | AA25: =_xlfn.NORM.INV(L25,D25,F25) -> #N/A | AB25: =_xlfn.NORM.INV(M25,E25,G25) -> #DIV/0! | AC25: =_xlfn.NORM.INV(N25,F25,H25) -> #NAME? | AD25: =_xlfn.NORM.INV(O25,G25,I25) -> #NULL! | AE25: =_xlfn.NORM.INV(P25,H25,J25) -> #NUM! | AF25: =_xlfn.NORM.INV(Q25,I25,K25) -> #REF! | AG25: {=_xlfn.NORM.INV(C25:Q25,3,3)} -> #NUM! | AH25: {=_xlfn.NORM.INV(C25:Q25, 3,2)} -> #NUM! | AI25: #NUM! | AJ25: 4.048801 | AK25: -2.7563235 | AL25: #NUM! | AM25: #NUM! | AN25: #NUM! | AO25: #NUM! | AP25: #VALUE! | AQ25: #N/A | AR25: #DIV/0! | AS25: #NAME? | AT25: #NULL! | AU25: #NUM! | AV25: #REF! | AW25: #N/A
A26: NORMDIST | B26: DONE | C26: 0 | D26: -0.1 | E26: 0.7 | F26: 3 | G26: 4 | I26: 29/02/1900 | J26: TRUE | K26: #VALUE! | L26: #N/A | M26: #DIV/0! | N26: #NAME? | O26: #NULL! | P26: #NUM! | Q26: #REF! | R26: =NORMDIST(C26,,,) -> #NUM! | S26: =NORMDIST(D26,1,2,FALSE) -> 0.17147193 | T26: =NORMDIST(E26,"1","3",5) -> 0.46017216 | U26: =NORMDIST(F26,-1,2,"TRUE") -> 0.97724987 | V26: =NORMDIST(G26, 0,0,1) -> #NUM! | W26: =NORMDIST(H26,H26,G26,1) -> 0.5 | X26: =NORMDIST(I26,,I26,1) -> 0.84134475 | Y26: =NORMDIST(J26,I26,E26,1) -> 0 | Z26: =NORMDIST(K26,I26,G26,1) -> #VALUE! | AA26: =NORMDIST(L26,J26,H26,1) -> #N/A | AB26: =NORMDIST(M26,K26,I26,1) -> #DIV/0! | AC26: =NORMDIST(N26,L26,J26,1) -> #NAME? | AD26: =NORMDIST(O26,M26,K26,1) -> #NULL! | AE26: =NORMDIST(P26,N26,L26,1) -> #NUM! | AF26: =NORMDIST(Q26,O26,M26,1) -> #REF! | AG26: {=NORMDIST(C26:Q26,3,3,1)} -> 0.15865525 | AH26: {=NORMDIST(C26:Q26,C26:Q26,4,1)} -> 0.5 | AI26: 0.5 | AJ26: 0.5 | AK26: 0.5 | AL26: 0.5 | AM26: 0.5 | AN26: 0.5 | AO26: 0.5 | AP26: #VALUE! | AQ26: #N/A | AR26: #DIV/0! | AS26: #NAME? | AT26: #NULL! | AU26: #NUM! | AV26: #REF! | AW26: #N/A
A27: NORMSDIST | B27: DONE | C27: 0 | D27: -0.1 | E27: 0.7 | F27: 3 | G27: 4 | I27: 29/02/1900 | J27: TRUE | K27: #VALUE! | L27: #N/A | M27: #DIV/0! | N27: #NAME? | O27: #NULL! | P27: #NUM! | Q27: #REF! | R27: =NORMSDIST(C27) -> 0.5 | S27: =NORMSDIST(D27) -> 0.46017216 | T27: =NORMSDIST(E27) -> 0.75803635 | U27: =NORMSDIST(F27) -> 0.9986501 | V27: =NORMSDIST(G27) -> 0.99996833 | W27: =NORMSDIST(H27) -> 0.5 | X27: =NORMSDIST(I27) -> 1 | Y27: =NORMSDIST(J27) -> 0.84134475 | ... AF27: =NORMSDIST(Q27) -> #REF! | AG27: {=NORMSDIST(C27:Q27)} -> 0.5 | AH27: {=NORMSDIST(C27:Q27)} -> 0.5 | AI27: 0.46017216 | AJ27: 0.75803635 | AK27: 0.9986501 | AL27: 0.99996833 | AM27: 0.5 | AN27: 1 | AO27: 0.84134475 | AP27: #VALUE! | AQ27: #N/A | AR27: #DIV/0! | AS27: #NAME? | AT27: #NULL! | AU27: #NUM! | AV27: #REF! | AW27: #N/A
A28: NORMSINV | B28: DONE | C28: 0 | D28: -0.1 | E28: 0.7 | F28: 0.002 | G28: 4 | I28: 29/02/1900 | J28: TRUE | K28: #VALUE! | L28: #N/A | M28: #DIV/0! | N28: #NAME? | O28: #NULL! | P28: #NUM! | Q28: #REF! | R28: =NORMSINV(C28) -> #NUM! | S28: =NORMSINV(D28) -> #NUM! | T28: =NORMSINV(E28) -> 0.52440051 | U28: =NORMSINV(F28) -> -2.8781617 | V28: =NORMSINV(G28) -> #NUM! | W28: =NORMSINV(H28) -> #NUM! | X28: =NORMSINV(I28) -> #NUM! | Y28: =NORMSINV(J28) -> #NUM! | ... AF28: =NORMSINV(Q28) -> #REF! | AG28: {=NORMSINV(C28:Q28)} -> #NUM! | AH28: {=NORMSINV(C28:Q28)} -> #NUM! | AI28: #NUM! | AJ28: 0.52440051 | AK28: -2.8781617 | AL28: #NUM! | AM28: #NUM! | AN28: #NUM! | AO28: #NUM! | AP28: #VALUE! | AQ28: #N/A | AR28: #DIV/0! | AS28: #NAME? | AT28: #NULL! | AU28: #NUM! | AV28: #REF! | AW28: #N/A
A29: PERCENTILE | B29: DONE | C29: 0 | D29: -10 | E29: 0.9 | F29: 0.1 | G29: -0.1 | I29: 1/01/1900 | J29: TRUE | K29: #VALUE! | L29: #N/A | M29: #DIV/0! | N29: #NAME? | O29: #NULL! | P29: #NUM! | Q29: #REF! | R29: =PERCENTILE(C29:D29,".2") -> -8 | S29: =PERCENTILE(C29:H29,E29) -> 0.58 | T29: =PERCENTILE(E29:F29,F29) -> 0.18 | U29: =PERCENTILE(F29:G29,G29) -> #NUM! | V29: =PERCENTILE(G29:H29,H29) -> -0.1 | W29: =PERCENTILE(D29:E29,I29) -> 0.9 | X29: =PERCENTILE(E29:I29,J29) -> 0.9 | Y29: =PERCENTILE(I29:J29,K29) -> #VALUE! | Z29: =PERCENTILE(K29:L29,L29) -> #N/A | AA29: =PERCENTILE(L29:M29,M29) -> #DIV/0! | AB29: =PERCENTILE(M29:N29,N29) -> #NAME? | AC29: =PERCENTILE(N29:O29,O29) -> #NULL! | AD29: =PERCENTILE(O29:P29,P29) -> #NUM! | AE29: =PERCENTILE(P29:Q29,Q29) -> #REF! | AF29: =PERCENTILE(Q29:R29,R29) -> #REF! | AG29: {=PERCENTILE(C29:G29,0.03)} -> -8.812 | AH29: {=PERCENTILE(C29:J29,C29:Q29)} -> -10 | AI29: #NUM! | AJ29: 0.58 | AK29: -6.04 | AL29: #NUM! | AM29: -10 | AN29: 0.9 | AO29: 0.9 | AP29: #VALUE! | AQ29: #N/A | AR29: #DIV/0! | AS29: #NAME? | AT29: #NULL! | AU29: #NUM! | AV29: #REF! | AW29: #N/A
A30: PERCENTRANK | B30: DONE | C30: 0 | D30: 0.1 | E30: 0.7 | F30: 0.002 | G30: 4 | I30: 13/01/1900 | J30: TRUE | K30: #VALUE! | L30: #N/A | M30: #DIV/0! | N30: #NAME? | O30: #NULL! | P30: #NUM! | Q30: #REF! | R30: =PERCENTRANK(C30:J30,4,4) -> 1 | S30: =PERCENTRANK(C30:I30,2,2) -> 0.84 | T30: =PERCENTRANK(C30:I30,2,E30) -> #NUM! | U30: =PERCENTRANK(C30:I30,4,3) -> 1 | V30: =PERCENTRANK(C30:I30,D30,E30) -> #NUM! | W30: =PERCENTRANK(C30:I30,3,2) -> 0.92 | X30: =PERCENTRANK(C30:I30,I30, 1) -> #N/A | Y30: {=PERCENTRANK(C30:I30,J30,2)} -> 0.77 | Z30: 0.77 | AA30: 0.77 | AB30: 0.77 | AC30: 0.77 | AD30: 0.77 | AE30: 0.77 | AF30: 0.77 | AG30: 0.77 | AH30: 0.77 | AI30: 0.77 | AJ30: 0.77 | AK30: 0.77 | AL30: 0.77 | AM30: 0.77 | AN30: 0.77 | AO30: 0.77 | AP30: 0.77 | AQ30: 0.77 | AR30: 0.77 | AS30: 0.77 | AT30: 0.77 | AU30: 0.77 | AV30: 0.77 | AW30: 0.77
A31: POISSON | B31: DONE | C31: 0 | D31: 5 | E31: 0.7 | F31: 3 | G31: 4 | I31: 29/02/1900 | J31: TRUE | K31: #VALUE! | L31: #N/A | M31: #DIV/0! | N31: #NAME? | O31: #NULL! | P31: #NUM! | Q31: #REF! | R31: =POISSON(C31,,) -> 1 | S31: =POISSON(D31,10,FALSE) -> 0.037833275 | T31: =POISSON(E31,"1",5) -> 0.36787944 | U31: =POISSON(F31,-1,"TRUE") -> #NUM! | V31: =POISSON(G31, 7,1) -> 0.17299161 | W31: =POISSON(H31,H31,1) -> 1 | X31: =POISSON(I31,I31,1) -> 0.53426247 | Y31: =POISSON(J31,I31,1) -> 5.3414716e-25 | Z31: =POISSON(K31,I31,1) -> #VALUE! | AA31: =POISSON(L31,J31,1) -> #N/A | AB31: =POISSON(M31,K31,1) -> #DIV/0! | AC31: =POISSON(N31,L31,1) -> #NAME? | AD31: =POISSON(O31,M31,1) -> #NULL! | AE31: =POISSON(P31,N31,1) -> #NUM! | AF31: =POISSON(Q31,O31,1) -> #REF! | AG31: {=POISSON(C31:Q31,3,1)} -> 0.049787068 | AH31: {=POISSON(C31:Q31,3,1)} -> 0.049787068 | AI31: 0.91608206 | AJ31: 0.049787068 | AK31: 0.64723189 | AL31: 0.81526324 | AM31: 0.049787068 | AN31: 1 | AO31: 0.19914827 | AP31: #VALUE! | AQ31: #N/A | AR31: #DIV/0! | AS31: #NAME? | AT31: #NULL! | AU31: #NUM! | AV31: #REF! | AW31: #N/A
A32: QUARTILE | B32: DONE | C32: 0 | D32: -10 | E32: 0.9 | F32: 2.2 | G32: -0.1 | I32: 1/01/1900 | J32: TRUE | K32: #VALUE! | L32: #N/A | M32: #DIV/0! | N32: #NAME? | O32: #NULL! | P32: #NUM! | Q32: #REF! | R32: =QUARTILE(C32:D32,"2") -> -5 | S32: =QUARTILE(C32:H32,E32) -> -10 | T32: =QUARTILE(E32:F32,F32) -> 1.55 | U32: =QUARTILE(F32:G32,G32) -> #NUM! | V32: =QUARTILE(G32:H32,H32) -> -0.1 | W32: =QUARTILE(D32:E32,I32) -> -7.275 | X32: =QUARTILE(E32:I32,J32) -> 0.4 | Y32: =QUARTILE(I32:J32,K32) -> #VALUE! | Z32: =QUARTILE(K32:L32,L32) -> #N/A | AA32: =QUARTILE(L32:M32,I32) -> #N/A | AB32: =QUARTILE(M32:N32,N32) -> #NAME? | AC32: =QUARTILE(N32:O32,O32) -> #NULL! | AD32: =QUARTILE(O32:P32,P32) -> #NUM! | AE32: =QUARTILE(P32:Q32,Q32) -> #REF! | AF32: =QUARTILE(Q32:R32,R32) -> #REF! | AG32: =QUARTILE(C32:G32,I32) -> -0.1 | AH32: {=QUARTILE(C32:J32,C32:Q32)} -> -10 | AI32: #NUM! | AJ32: -10 | AK32: 0 | AL32: #NUM! | AM32: -10 | AN32: -0.1 | AO32: -0.1 | AP32: #VALUE! | AQ32: #N/A | AR32: #DIV/0! | AS32: #NAME? | AT32: #NULL! | AU32: #NUM! | AV32: #REF! | AW32: #N/A
A33: RANK | B33: DONE | C33: 0 | D33: -10 | E33: 0 | F33: 2.2 | G33: -0.1 | I33: 1/01/1901 | J33: TRUE | K33: #VALUE! | L33: #N/A | M33: #DIV/0! | N33: #NAME? | O33: #NULL! | P33: #NUM! | Q33: #REF! | R33: =RANK(2,C33:F33,1) -> #N/A | S33: =RANK(0,C33:J33,1) -> 3 | T33: =RANK(F33,C33:J33,0) -> 1 | U33: =RANK(G33,C33:J33,0) -> 4 | V33: =RANK(D33,C33:J33,1) -> 1 | W33: =RANK(H33,C33:J33,1) -> 3 | X33: =RANK(I33,C33:J33,1) -> #N/A | Y33: =RANK(J33,C33:J33,1) -> #N/A | Z33: =RANK(K33,D33:K33,1) -> #VALUE! | AA33: =RANK(L33,E33:L33,1) -> #N/A | AB33: =RANK(M33,F33:M33,1) -> #DIV/0! | AC33: =RANK(N33,G33:N33,1) -> #NAME? | AD33: =RANK(O33,H33:O33,1) -> #NULL! | AE33: =RANK(P33,I33:P33,1) -> #NUM! | AF33: =RANK(Q33,J33:Q33,1) -> #REF! | AG33: {=RANK(C33:H33,C33:J33,1)} -> 3 | AH33: {=RANK(C33:Q33,C33:J33,1)} -> 3 | AI33: 1 | AJ33: 3 | AK33: 5 | AL33: 2 | AM33: 3 | AN33: #N/A | AO33: #N/A | AP33: #VALUE! | AQ33: #N/A | AR33: #DIV/0! | AS33: #NAME? | AT33: #NULL! | AU33: #NUM! | AV33: #REF! | AW33: #N/A
A34: STDEV | B34: DONE | C34: 0 | D34: -10 | E34: 0.9 | F34: 2.2 | G34: -0.1 | I34: 1/01/1900 | J34: TRUE | K34: #VALUE! | L34: #N/A | M34: #DIV/0! | N34: #NAME? | O34: #NULL! | P34: #NUM! | Q34: #REF! | R34: =STDEV(C34:D34,D34:E34,E34:F34,"2") -> 5.5145263 | S34: =STDEV(D34:E34,E34:F34,F34:G34,"") -> #VALUE! | T34: =STDEV(E34:F34,F34:G34,G34:H34,"29/02/1900") -> 24.100519 | U34: =STDEV(G34:H34) -> #DIV/0! | V34: =STDEV(F34:H34,H34:I34,I34:J34) -> 1.6263456 | W34: =STDEV(G34:H34) -> #DIV/0! | X34: =STDEV(I34,G34,E34) -> 0.70710678 | Y34: =STDEV(J34,G34) -> #DIV/0! | Z34: =STDEV(K34:L34) -> #VALUE! | AA34: =STDEV(L34:M34) -> #N/A | AB34: =STDEV(M34:N34) -> #DIV/0! | AC34: =STDEV(N34:O34) -> #NAME? | AD34: =STDEV(O34:P34) -> #NULL! | AE34: =STDEV(P34:Q34) -> #NUM! | AF34: =STDEV(Q34:R34) -> #REF! | AG34: =STDEV(F34:J34) -> 1.6263456 | AH34: {=STDEV(C34:J34)} -> 4.895406 | AI34: 4.895406 | AJ34: 4.895406 | AK34: 4.895406 | AL34: 4.895406 | AM34: 4.895406 | AN34: {=STDEV(J34:Q34)} -> #VALUE! | AO34: #VALUE! | AP34: #VALUE! | AQ34: #VALUE! | AR34: #VALUE! | AS34: #VALUE! | AT34: #VALUE! | AU34: #VALUE! | AV34: #VALUE! | AW34: #VALUE!
A35: STDEVP | B35: DONE | C35: 0 | D35: -10 | E35: 0.9 | F35: 2.2 | G35: -0.1 | I35: 1/01/1900 | J35: TRUE | K35: #VALUE! | L35: #N/A | M35: #DIV/0! | N35: #NAME? | O35: #NULL! | P35: #NUM! | Q35: #REF! | R35: =STDEVP(C35:D35,D35:E35,E35:F35,"2") -> 5.1054593 | S35: =STDEVP(D35:E35,E35:F35,F35:G35,"") -> #VALUE! | T35: =STDEVP(E35:F35,F35:G35,G35:H35,"29/02/1900") -> 22.000663 | U35: =STDEVP(H35) -> #DIV/0! | V35: =STDEVP(G35:H35,H35:I35,I35:J35) -> 0 | W35: =STDEVP(G35:H35) -> 0 | X35: =STDEVP(I35,G35) -> 0 | Y35: =STDEVP(J35,G35) -> 0 | Z35: =STDEVP(K35:L35) -> #VALUE! | AA35: =_xlfn.STDEV.P(L35:M35) -> #N/A | AB35: =STDEVP(M35:N35) -> #DIV/0! | AC35: =STDEVP(N35:O35) -> #NAME? | AD35: =STDEVP(O35:P35) -> #NULL! | AE35: =STDEVP(P35:Q35) -> #NUM! | AF35: =STDEVP(Q35:R35) -> #REF! | AG35: =STDEVP(F35:J35) -> 1.15 | AH35: {=STDEVP(C35:J35)} -> 4.3785842 | AI35: 4.3785842 | AJ35: 4.3785842 | AK35: 4.3785842 | AL35: 4.3785842 | AM35: 4.3785842 | AN35: {=STDEVP(J35:Q35)} -> #VALUE! | AO35: #VALUE! | AP35: #VALUE! | AQ35: #VALUE! | AR35: #VALUE! | AS35: #VALUE! | AT35: #VALUE! | AU35: #VALUE! | AV35: #VALUE! | AW35: #VALUE!
A36: TDIST | B36: DONE | C36: 0 | D36: 5 | E36: 0.7 | F36: 3 | G36: 4 | I36: 29/02/1900 | J36: TRUE | K36: #VALUE! | L36: #N/A | M36: #DIV/0! | N36: #NAME? | O36: #NULL! | P36: #NUM! | Q36: #REF! | R36: =TDIST(C36,,) -> #NUM! | S36: =TDIST(D36,10,2) -> 0.0005373336 | T36: =TDIST(E36,1,"2") -> 0.61119978 | U36: =TDIST(F36,-1,0) -> #NUM! | V36: =TDIST(G36, 7,1) -> 0.0025949567 | W36: =TDIST(H36,H36,2) -> #NUM! | X36: =TDIST(I36,I36,1) -> 1.4243035e-55 | Y36: =TDIST(J36,I36,2) -> 0.3213265 | Z36: =TDIST(K36,I36,1) -> #VALUE! | AA36: =TDIST(L36,J36,1) -> #N/A | AB36: =TDIST(M36,K36,1) -> #DIV/0! | AC36: =TDIST(N36,L36,1) -> #NAME? | AD36: =TDIST(O36,M36,1) -> #NULL! | AE36: =TDIST(P36,N36,1) -> #NUM! | AF36: =TDIST(Q36,O36,1) -> #REF! | AG36: {=TDIST(C36:Q36,3,1)} -> 0.5 | AH36: {=TDIST(C36:Q36,3,2)} -> 1 | AI36: 0.015392438 | AJ36: 0.534327 | AK36: 0.057668886 | AL36: 0.028008456 | AM36: 1 | AN36: 1.0199594e-05 | AO36: 0.39100222 | AP36: #VALUE! | AQ36: #N/A | AR36: #DIV/0! | AS36: #NAME? | AT36: #NULL! | AU36: #NUM! | AV36: #REF! | AW36: #N/A
A37: TINV | B37: DONE | C37: 10 | D37: 0.1 | E37: 0.7 | F37: 100 | G37: 4 | I37: 13/01/1900 | J37: TRUE | K37: #VALUE! | L37: #N/A | M37: #DIV/0! | N37: #NAME? | O37: #NULL! | P37: #NUM! | Q37: #REF! | R37: =TINV(C37,0.4) -> #NUM! | S37: =TINV(D37,9) -> 1.8331129 | T37: =TINV(0.4,E37) -> #NUM! | U37: =TINV(0.01, F37) -> 2.6258905 | V37: =TINV(D37,G37) -> 2.1318468 | W37: =TINV(H37,3) -> #NUM! | X37: =TINV(0.9,I37) -> 0.12813905 | Y37: =TINV(0.3,J37) -> 1.9626105 | Z37: =TINV(K37,C37) -> #VALUE! | AA37: =TINV(L37,D37) -> #N/A | AB37: =TINV(M37,E37) -> #DIV/0! | AC37: =TINV(N37,F37) -> #NAME? | AD37: =TINV(O37,G37) -> #NULL! | AE37: =TINV(P37,H37) -> #NUM! | AF37: =TINV(Q37,I37) -> #REF! | AG37: {=TINV(0.6, C37:Q37)} -> 0.54152804 | AH37: {=TINV(0.5, C37:Q37)} -> 0.69981206 | AI37: #NUM! | AJ37: #NUM! | AK37: 0.67695104 | AL37: 0.74069708 | AM37: #NUM! | AN37: 0.6938293 | AO37: 1 | AP37: #VALUE! | AQ37: #N/A | AR37: #DIV/0! | AS37: #NAME? | AT37: #NULL! | AU37: #NUM! | AV37: #REF! | AW37: #N/A
A38: TTEST | B38: DONE | C38: 10 | D38: 3.2 | E38: 0.7 | F38: 2 | G38: 4 | I38: 13/01/1900 | J38: TRUE | K38: #VALUE! | L38: #N/A | M38: #DIV/0! | N38: #NAME? | O38: #NULL! | P38: #NUM! | Q38: #REF! | R38: {=TTEST(C37:D38,E35:E38,{1;2;1;2;1;2},{1;2;3;1;2;3})} -> 0.065797941 | S38: {=TTEST(D38:E38,E38:G38,{1;2;1;2;1;2},{1;2;3;1;2;3})} -> #N/A | T38: {=TTEST(E38:F38,G38:H38,{1;2;1;2;1;2},{1;2;3;1;2;3})} -> #DIV/0! | U38: {=TTEST(D38,F38,{1;2;1;2;1;2},{1;2;3;1;2;3})} -> #DIV/0! | V38: {=TTEST(G38:I38,H38:J38,{1;2;1;2;1;2},{1;2;3;1;2;3})} -> #DIV/0! | W38: {=TTEST(H38:I38,J38:K38,{1;2;1;2;1;2},{1;2;3;1;2;3})} -> #VALUE! | X38: {=TTEST(I38:J38,K38:L38,{1;2;1;2;1;2},{1;2;3;1;2;3})} -> #VALUE! | Y38: {=TTEST(J38:K38,L38:M38,{1;2;1;2;1;2},{1;2;3;1;2;3})} -> #N/A | Z38: {=TTEST(K38:L38,M38:N38,{1;2;1;2;1;2},{1;2;3;1;2;3})} -> #VALUE! | AA38: {=TTEST(L38:M38,N38:O38,{1;2;1;2;1;2},{1;2;3;1;2;3})} -> #N/A | AB38: {=TTEST(M38:N38,O38:P38,{1;2;1;2;1;2},{1;2;3;1;2;3})} -> #DIV/0! | AC38: {=TTEST(N38:O38,P38:Q38,{1;2;1;2;1;2},{1;2;3;1;2;3})} -> #NAME? | AD38: {=TTEST(O38:P38,Q38:R38,{1;2;1;2;1;2},{1;2;3;1;2;3})} -> #NUM! | ... AF38: {=TTEST(Q38:R38,S38:T38,{1;2;1;2;1;2},{1;2;3;1;2;3})} -> #REF! | AG38: {=TTEST(C37:D38, F37:G38,{1;2;1;2;1;2},{1;2;3;1;2;3})} -> 0.20698538 | AH38: {=TTEST(D38:E38, E38:F38,{1;2;1;2;1;2},{1;2;3;1;2;3})} -> 0.40263573 | AI38: 0.40263573 | AJ38: 0.40263573 | AK38: 0.40263573 | AL38: 0.40263573 | AM38: 0.40263573 | AN38: 0.40263573 | AO38: 0.40263573 | AP38: 0.40263573 | AQ38: 0.40263573 | AR38: 0.40263573 | AS38: 0.40263573 | AT38: 0.40263573 | AU38: 0.40263573 | AV38: 0.40263573 | AW38: 0.40263573
R39: 0.087928259 | S39: 0.86663407 | T39: #DIV/0! | U39: #DIV/0! | V39: #DIV/0! | W39: #VALUE! | X39: #VALUE! | Y39: #VALUE! | Z39: #VALUE! | AA39: #N/A | AB39: #DIV/0! | AC39: #NAME? | AD39: #NUM! | AE39: #NUM! | AF39: #REF! | AG39: 0.40674227 | AH39: 0.7116584 | AI39: 0.7116584 | AJ39: 0.7116584 | AK39: 0.7116584 | AL39: 0.7116584 | AM39: 0.7116584 | AN39: 0.7116584 | AO39: 0.7116584 | AP39: 0.7116584 | AQ39: 0.7116584 | AR39: 0.7116584 | AS39: 0.7116584 | AT39: 0.7116584 | AU39: 0.7116584 | AV39: 0.7116584 | AW39: 0.7116584
R40: 0.067244219 | S40: 0.43641889 | T40: #DIV/0! | U40: #DIV/0! | V40: #DIV/0! | W40: #VALUE! | X40: #VALUE! | Y40: #VALUE! | Z40: #VALUE! | AA40: #N/A | AB40: #DIV/0! | AC40: #NAME? | AD40: #NUM! | AE40: #NUM! | AF40: #REF! | AG40: 0.21843313 | AH40: 0.36159898 | AI40: 0.36159898 | AJ40: 0.36159898 | AK40: 0.36159898 | AL40: 0.36159898 | AM40: 0.36159898 | AN40: 0.36159898 | AO40: 0.36159898 | AP40: 0.36159898 | AQ40: 0.36159898 | AR40: 0.36159898 | AS40: 0.36159898 | AT40: 0.36159898 | AU40: 0.36159898 | AV40: 0.36159898 | AW40: 0.36159898
R41: 0.13159588 | S41: #N/A | T41: #DIV/0! | U41: #DIV/0! | V41: #DIV/0! | W41: #VALUE! | X41: #VALUE! | Y41: #N/A | Z41: #VALUE! | AA41: #N/A | AB41: #DIV/0! | AC41: #NAME? | AD41: #NUM! | AE41: #NUM! | AF41: #REF! | AG41: 0.41397076 | AH41: 0.80527146 | AI41: 0.80527146 | AJ41: 0.80527146 | AK41: 0.80527146 | AL41: 0.80527146 | AM41: 0.80527146 | AN41: 0.80527146 | AO41: 0.80527146 | AP41: 0.80527146 | AQ41: 0.80527146 | AR41: 0.80527146 | AS41: 0.80527146 | AT41: 0.80527146 | AU41: 0.80527146 | AV41: 0.80527146 | AW41: 0.80527146
R42: 0.043964129 | S42: 0.43331704 | T42: #DIV/0! | U42: #DIV/0! | V42: #DIV/0! | W42: #VALUE! | X42: #VALUE! | Y42: #VALUE! | Z42: #VALUE! | AA42: #N/A | AB42: #DIV/0! | AC42: #NAME? | AD42: #NUM! | AE42: #NUM! | AF42: #REF! | AG42: 0.20337113 | AH42: 0.3558292 | AI42: 0.3558292 | AJ42: 0.3558292 | AK42: 0.3558292 | AL42: 0.3558292 | AM42: 0.3558292 | AN42: 0.3558292 | AO42: 0.3558292 | AP42: 0.3558292 | AQ42: 0.3558292 | AR42: 0.3558292 | AS42: 0.3558292 | AT42: 0.3558292 | AU42: 0.3558292 | AV42: 0.3558292 | AW42: 0.3558292
R43: 0.13448844 | S43: 0.87283778 | T43: #DIV/0! | U43: #DIV/0! | V43: #DIV/0! | W43: #VALUE! | X43: #VALUE! | Y43: #VALUE! | Z43: #VALUE! | AA43: #N/A | AB43: #DIV/0! | AC43: #NAME? | AD43: #NUM! | AE43: #NUM! | AF43: #REF! | AG43: 0.43686625 | AH43: 0.72319796 | AI43: 0.72319796 | AJ43: 0.72319796 | AK43: 0.72319796 | AL43: 0.72319796 | AM43: 0.72319796 | AN43: 0.72319796 | AO43: 0.72319796 | AP43: 0.72319796 | AQ43: 0.72319796 | AR43: 0.72319796 | AS43: 0.72319796 | AT43: 0.72319796 | AU43: 0.72319796 | AV43: 0.72319796 | AW43: 0.72319796
A44: VAR | B44: DONE | C44: 0 | D44: -10 | E44: 0.9 | F44: 2.2 | G44: -0.1 | I44: 1/01/1900 | J44: TRUE | K44: #VALUE! | L44: #N/A | M44: #DIV/0! | N44: #NAME? | O44: #NULL! | P44: #NUM! | Q44: #REF! | R44: =VAR(C44:D44,D44:E44,E44:F44,"2") -> 30.41 | S44: =VAR(D44:E44,E44:F44,F44:G44,"") -> #VALUE! | T44: =VAR(E44:F44,F44:G44,G44:H44,"29/02/1900") -> 580.835 | U44: =VAR(G44:H44) -> #DIV/0! | V44: =VAR(F44:H44,H44:I44,I44:J44) -> 2.645 | W44: =VAR(G44:H44) -> #DIV/0! | X44: =VAR(I44,G44,E44) -> 0.5 | Y44: =VAR(J44,G44) -> #DIV/0! | Z44: =VAR(K44:L44) -> #VALUE! | AA44: =VAR(L44:M44) -> #N/A | AB44: =VAR(M44:N44) -> #DIV/0! | AC44: =VAR(N44:O44) -> #NAME? | AD44: =VAR(O44:P44) -> #NULL! | AE44: =VAR(P44:Q44) -> #NUM! | AF44: =VAR(Q44:R44) -> #REF! | AG44: =VAR(F44:J44) -> 2.645 | AH44: {=VAR(C44:J44)} -> 23.965 | AI44: 23.965 | AJ44: 23.965 | AK44: 23.965 | AL44: 23.965 | AM44: 23.965 | AN44: {=VAR(J44:Q44)} -> #VALUE! | AO44: #VALUE! | AP44: #VALUE! | AQ44: #VALUE! | AR44: #VALUE! | AS44: #VALUE! | AT44: #VALUE! | AU44: #VALUE! | AV44: #VALUE! | AW44: #VALUE!
A45: VARP | B45: DONE | C45: 0 | D45: -10 | E45: 0.9 | F45: 2.2 | G45: -0.1 | I45: 1/01/1900 | J45: TRUE | K45: #VALUE! | L45: #N/A | M45: #DIV/0! | N45: #NAME? | O45: #NULL! | P45: #NUM! | Q45: #REF! | R45: =VARP(C45:D45,D45:E45,E45:F45,"2") -> 26.065714 | S45: =VARP(D45:E45,E45:F45,F45:G45,"") -> #VALUE! | T45: =VARP(E45:F45,F45:G45,G45:H45,"29/02/1900") -> 484.02917 | U45: =VARP(H45) -> #DIV/0! | V45: =VARP(G45:H45,H45:I45,I45:J45) -> 0 | W45: =VARP(G45:H45) -> 0 | X45: =VARP(I45,G45) -> 0 | Y45: =VARP(J45,G45) -> 0 | Z45: =VARP(K45:L45) -> #VALUE! | AA45: =VARP(L45:M45) -> #N/A | AB45: =VARP(M45:N45) -> #DIV/0! | AC45: =VARP(N45:O45) -> #NAME? | AD45: =VARP(O45:P45) -> #NULL! | AE45: =VARP(P45:Q45) -> #NUM! | AF45: =VARP(Q45:R45) -> #REF! | AG45: =VARP(F45:J45) -> 1.3225 | AH45: {=VARP(C45:J45)} -> 19.172 | AI45: 19.172 | AJ45: 19.172 | AK45: 19.172 | AL45: 19.172 | AM45: 19.172 | AN45: {=VARP(J45:Q45)} -> #VALUE! | AO45: #VALUE! | AP45: #VALUE! | AQ45: #VALUE! | AR45: #VALUE! | AS45: #VALUE! | AT45: #VALUE! | AU45: #VALUE! | AV45: #VALUE! | AW45: #VALUE!
A46: WEIBULL | B46: DONE | C46: 0 | D46: -0.1 | E46: 0.7 | F46: 3 | G46: 4 | I46: 29/02/1900 | J46: TRUE | K46: #VALUE! | L46: #N/A | M46: #DIV/0! | N46: #NAME? | O46: #NULL! | P46: #NUM! | Q46: #REF! | R46: =WEIBULL(C46,,,) -> #NUM! | S46: =WEIBULL(D46,1,2,FALSE) -> #NUM! | T46: =WEIBULL(E46,"1","3",5) -> 0.20811043 | U46: =WEIBULL(F46,-1,2,"TRUE") -> #NUM! | V46: =WEIBULL(G46, 0,0,1) -> #NUM! | W46: =WEIBULL(H46,H46,G46,1) -> #NUM! | X46: =WEIBULL(I46,,I46,1) -> #NUM! | Y46: =WEIBULL(J46,I46,E46,1) -> 1 | Z46: =WEIBULL(K46,I46,G46,1) -> #VALUE! | AA46: =WEIBULL(L46,J46,H46,1) -> #N/A | AB46: =WEIBULL(M46,K46,I46,1) -> #DIV/0! | AC46: =WEIBULL(N46,L46,J46,1) -> #NAME? | AD46: =WEIBULL(O46,M46,K46,1) -> #NULL! | AE46: =WEIBULL(P46,N46,L46,1) -> #NUM! | AF46: =WEIBULL(Q46,O46,M46,1) -> #REF! | AG46: {=WEIBULL(C46:Q46,3,3,1)} -> 0 | AH46: {=WEIBULL(C46:Q46,3,4,1)} -> 0 | AI46: #NUM! | AJ46: 0.0053450392 | AK46: 0.34418399 | AL46: 0.63212056 | AM46: 0 | AN46: 1 | AO46: 0.015503563 | AP46: #VALUE! | AQ46: #N/A | AR46: #DIV/0! | AS46: #NAME? | AT46: #NULL! | AU46: #NUM! | AV46: #REF! | AW46: #N/A
A47: ZTEST | B47: DONE | C47: 10 | D47: 3.2 | E47: 0.7 | F47: 2 | G47: 4 | I47: 13/01/1900 | J47: TRUE | K47: #VALUE! | L47: #N/A | M47: #DIV/0! | N47: #NAME? | O47: #NULL! | P47: #NUM! | Q47: #REF! | R47: =ZTEST(C46:D47,E47) -> 0.13853081 | S47: =ZTEST(D47:E47,E47,3) -> 0.2778449 | T47: =ZTEST(E47:F47,G47, 2) -> 0.96952327 | U47: =ZTEST(D47:E47,F47,0) -> #NUM! | V47: =ZTEST(G47:I47,H47,2) -> #DIV/0! | W47: =ZTEST(F47:I47,J47) -> 0.022750132 | X47: =ZTEST(I47:J47,K47) -> #VALUE! | Y47: =ZTEST(J47:K47,L47) -> #N/A | Z47: =ZTEST(K47:L47,M47) -> #DIV/0! | AA47: =ZTEST(L47:M47,N47) -> #NAME? | AB47: =ZTEST(M47:N47,O47) -> #NULL! | AC47: =ZTEST(N47:O47,P47) -> #NUM! | AD47: =ZTEST(O47:P47,Q47) -> #REF! | AE47: =ZTEST(P47:Q47,R47) -> #NUM! | AF47: =ZTEST(Q47:R47,S47) -> #REF! | AG47: {=ZTEST(C46:D47, F46:G47,2)} -> 0.39165812 | AH47: {=ZTEST(C45:E47, C47:J47)} -> 0.99999998 | AI47: 0.93659121 | AJ47: 0.52341324 | AK47: 0.79449237 | AL47: 0.97706289 | AM47: 0.3622946 | AN47: 1 | AO47: 0.5928522 | AP47: #N/A | AQ47: #N/A | AR47: #N/A | AS47: #N/A | AT47: #N/A | AU47: #N/A | AV47: #N/A | AW47: #N/A

Sheet CUBE
A1: COVERAGE | B1: =COUNTIF(B3:B59,"=DONE")/COUNTA(A3:A59) -> 0 | C1: INPUTS | R1: EVAL
A2: FUNCTION | B2: STATUS | C2: NUMERIC | H2: EMPTY | I2: STRING | J2: BOOL | K2: ERROR | R2: NUMERIC | W2: EMPTY | X2: STRING | Y2: BOOL | Z2: ERROR | AG2: ARRAY -> VALUE | AH2: ARRAY -> ARRAY
A3: CUBEKPIMEMBER
A4: CUBEMEMBER
A5: CUBEMEMBERPROPERTY
A6: CUBERANKEDMEMBER
A7: CUBESET
A8: CUBESETCOUNT
A9: CUBEVALUE

Sheet DATABASE
A1: COVERAGE | B1: =COUNTIF(B3:B59,"=DONE")/COUNTA(A3:A59) -> 0 | C1: INPUTS | R1: EVAL
A2: FUNCTION | B2: STATUS | C2: NUMERIC | H2: EMPTY | I2: STRING | J2: BOOL | K2: ERROR | R2: NUMERIC | W2: EMPTY | X2: STRING | Y2: BOOL | Z2: ERROR | AG2: ARRAY -> VALUE | AH2: ARRAY -> ARRAY
A3: DAVERAGE
A4: DCOUNT
A5: DCOUNTA
A6: DGET
A7: DMAX
A8: DMIN
A9: DPRODUCT
A10: DSTDEV
A11: DSTDEVP
A12: DSUM
A13: DVAR
A14: DVARP

Sheet DATE & TIME
A1: COVERAGE | B1: =COUNTIF(B3:B275,"=DONE")/COUNTA(A3:A275) -> 1 | C1: INPUTS | R1: EVAL
A2: FUNCTION | B2: STATUS | C2: NUMERIC | H2: EMPTY | I2: STRING | J2: BOOL | K2: ERROR | R2: NUMERIC | W2: EMPTY | X2: STRING | Y2: BOOL | Z2: ERROR | AG2: ARRAY -> VALUE | AH2: ARRAY -> ARRAY
A3: DATE | B3: DONE | C3: 1987 | D3: 8 | E3: 1 | F3: 0.7 | G3: 0 | I3: -1 | J3: TRUE | K3: #VALUE! | L3: #N/A | M3: #DIV/0! | N3: #NAME? | O3: #NULL! | P3: #NUM! | Q3: #REF! | R3: =DATE(C3,D3,E3) -> 31990 | S3: =DATE(C3,D3,F3) -> 31989 | T3: =DATE(0.9,0.9,0.9) -> #NUM! | U3: =DATE(0,1,0) -> 0 | V3: =DATE(1,0,0) -> 335 | W3: =DATE(C3,D3,H3) -> 31989 | X3: =DATE(D3,E3,I3) -> 2921 | Y3: =DATE(E3,F3,J3) -> 336 | Z3: =DATE(F3,G3,K3) -> #VALUE! | AA3: =DATE(G3,H3,L3) -> #N/A | AB3: =DATE(H3,I3,M3) -> #DIV/0! | AC3: =DATE(I3,J3,N3) -> #NAME? | AD3: =DATE(J3,O3,K3) -> #NULL! | AE3: =DATE(C3,P3,L3) -> #NUM! | AF3: =DATE(Q3,K3,M3) -> #REF! | AG3: {=DATE(C3,D3,E3:H3)} -> 31990 | AH3: {=DATE(C3,D3,E3:G3)} -> 31990 | AI3: 31989 | AJ3: 31989 | AK3: #N/A | AL3: {=DATE(C3:E3,H3,D3:F3)} -> 31754 | AM3: 2892 | AN3: 335 | AO3: {=DATE(C3:I3,H3,K3:Q3)} -> #VALUE! | AP3: #N/A | AQ3: #DIV/0! | AR3: #NAME? | AS3: #NULL! | AT3: #NUM! | AU3: #REF! | AV3: #N/A | AW3: #N/A
A4: DATEDIF | B4: DONE | C4: 1987 | D4: 8 | E4: 1 | F4: 0.7 | G4: 0 | I4: -1 | J4: TRUE | K4: #VALUE! | L4: #N/A | M4: #DIV/0! | N4: #NAME? | O4: #NULL! | P4: #NUM! | Q4: #REF! | R4: =DATEDIF(D4, C4,"YD") -> 153 | S4: =DATEDIF(E4, D4,"Y") -> 0 | T4: =DATEDIF(F4, E4,"D") -> 1 | U4: =DATEDIF(G4, F4,"M") -> 0 | V4: =DATEDIF(H4, G4,"YM") -> 0 | W4: =DATEDIF(I4, H4,"YD") -> #NUM! | X4: =DATEDIF(J4, I4,"YD") -> #NUM! | Y4: =DATEDIF(K4, J4,"YD") -> #VALUE! | Z4: =DATEDIF(G4, F4,L4) -> #N/A | AA4: =DATEDIF(M4, L4,"YD") -> #DIV/0! | AB4: =DATEDIF(H4, G4,"a") -> #NUM! | AC4: =DATEDIF(O4, N4,"YD") -> #NULL! | AD4: =DATEDIF(P4, O4,"YD") -> #NUM! | AE4: =DATEDIF(Q4, P4,"YD") -> #REF! | AF4: =DATEDIF(R4, Q4,"YD") -> #REF! | AG4: {=DATEDIF(E4:F4,C4:D4, "D")} -> 1986 | AH4: {=DATEDIF(E4:K4,C4:I4, "D")} -> 1986 | AI4: 8 | AJ4: 1 | AK4: 0 | AL4: #NUM! | AM4: #NUM! | AN4: #VALUE! | AO4: #N/A | AP4: #N/A | AQ4: #N/A | AR4: #N/A | AS4: #N/A | AT4: #N/A | AU4: #N/A | AV4: #N/A | AW4: #N/A
A5: DATEVALUE | B5: DONE | C5: 1987 | D5: 8 | E5: 1 | F5: 0.7 | G5: 0 | I5: 1/1/1987 02:00 AM | J5: TRUE | K5: #VALUE! | L5: #N/A | M5: #DIV/0! | N5: #NAME? | O5: #NULL! | P5: #NUM! | Q5: #REF! | R5: =DATEVALUE(C5) -> #VALUE! | S5: =DATEVALUE(D5) -> #VALUE! | T5: =DATEVALUE(E5) -> #VALUE! | U5: =DATEVALUE(F5) -> #VALUE! | V5: =DATEVALUE(G5) -> #VALUE! | W5: =DATEVALUE(H5) -> #VALUE! | X5: =DATEVALUE(I5) -> 31778 | Y5: =DATEVALUE(J5) -> #VALUE! | ... AF5: =DATEVALUE(Q5) -> #REF! | AG5: {=DATEVALUE(I5:J5)} -> 31778 | AH5: {=DATEVALUE(C5:Q5)} -> #VALUE! | AI5: #VALUE! | AJ5: #VALUE! | AK5: #VALUE! | AL5: #VALUE! | AM5: #VALUE! | AN5: 31778 | AO5: #VALUE! | AP5: #VALUE! | AQ5: #N/A | AR5: #DIV/0! | AS5: #NAME? | AT5: #NULL! | AU5: #NUM! | AV5: #REF! | AW5: #N/A
A6: DAY | B6: DONE | C6: 1987 | D6: -1 | E6: 2958466 | F6: 0.7 | G6: 0 | I6: 600 | J6: TRUE | K6: #VALUE! | L6: #N/A | M6: #DIV/0! | N6: #NAME? | O6: #NULL! | P6: #NUM! | Q6: #REF! | R6: =DAY(C6) -> 9 | S6: =DAY(D6) -> #NUM! | T6: =DAY(E6) -> #NUM! | U6: =DAY(F6) -> 0 | V6: =DAY(G6) -> 0 | W6: =DAY(H6) -> 0 | X6: =DAY(I6) -> 22 | Y6: =DAY(J6) -> 1 | ... AF6: =DAY(Q6) -> #REF! | AG6: {=DAY(I6:J6)} -> 22 | AH6: {=DAY(C6:Q6)} -> 9 | AI6: #NUM! | AJ6: #NUM! | AK6: 0 | AL6: 0 | AM6: 0 | AN6: 22 | AO6: 1 | AP6: #VALUE! | AQ6: #N/A | AR6: #DIV/0! | AS6: #NAME? | AT6: #NULL! | AU6: #NUM! | AV6: #REF! | AW6: #N/A
A7: DAYS | B7: DONE | C7: 1987 | D7: -1 | E7: 2958466 | F7: 0.7 | G7: 0 | I7: 600 | J7: TRUE | K7: #VALUE! | L7: #N/A | M7: #DIV/0! | N7: #NAME? | O7: #NULL! | P7: #NUM! | Q7: #REF! | R7: =_xlfn.DAYS(C7,D7) -> #NUM! | S7: =_xlfn.DAYS(D7,E7) -> #NUM! | T7: =_xlfn.DAYS(E7,F7) -> #NUM! | U7: =_xlfn.DAYS(F7,G7) -> 0 | V7: =_xlfn.DAYS(G7,H7) -> 0 | W7: =_xlfn.DAYS(H7,I7) -> -600 | X7: =_xlfn.DAYS(I7,J7) -> 599 | Y7: =_xlfn.DAYS(J7,K7) -> #VALUE! | ... AF7: =_xlfn.DAYS(Q7,R7) -> #REF! | AG7: {=_xlfn.DAYS(E7:F7,I7)} -> #NUM! | AH7: {=_xlfn.DAYS(C7:Q7,C7)} -> 0 | AI7: #NUM! | AJ7: #NUM! | AK7: -1987 | AL7: -1987 | AM7: -1987 | AN7: -1387 | AO7: -1986 | AP7: #VALUE! | AQ7: #N/A | AR7: #DIV/0! | AS7: #NAME? | AT7: #NULL! | AU7: #NUM! | AV7: #REF! | AW7: #N/A
A8: DAYS360 | B8: DONE | C8: 1987 | D8: -1 | E8: 2958466 | F8: 0.7 | G8: 0 | I8: 600 | J8: TRUE | K8: #VALUE! | L8: #N/A | M8: #DIV/0! | N8: #NAME? | O8: #NULL! | P8: #NUM! | Q8: #REF! | R8: =DAYS360(C8,E8,1) -> #NUM! | S8: =DAYS360(D8,F8,1) -> #NUM! | T8: =DAYS360(E8,G8,1) -> #NUM! | U8: =DAYS360(F8,H8,1) -> 0 | V8: =DAYS360(G8,I8,1) -> 592 | W8: =DAYS360(H8,J8,1) -> 1 | X8: =DAYS360(I8,K8,1) -> #VALUE! | Y8: =DAYS360(J8,L8,1) -> #N/A | ... AF8: =DAYS360(Q8,S8,1) -> #REF! | AG8: {=DAYS360(E8:F8,I8)} -> #NUM! | AH8: {=DAYS360(C7:Q7,C7)} -> 0 | AI8: #NUM! | AJ8: #NUM! | AK8: 1959 | AL8: 1959 | AM8: 1959 | AN8: 1367 | AO8: 1958 | AP8: #VALUE! | AQ8: #N/A | AR8: #DIV/0! | AS8: #NAME? | AT8: #NULL! | AU8: #NUM! | AV8: #REF! | AW8: #N/A
A9: EDATE | B9: DONE | C9: 1987 | D9: 8 | E9: 1 | F9: 0.7 | G9: 0 | I9: 1/1/1987 02:00 AM | J9: TRUE | K9: #VALUE! | L9: #N/A | M9: #DIV/0! | N9: #NAME? | O9: #NULL! | P9: #NUM! | Q9: #REF! | R9: =EDATE(C9,D9) -> 2232 | S9: =EDATE(D9,"2") -> 68 | T9: =EDATE(E9,".55") -> 1 | U9: =EDATE(J9,G9) -> #VALUE! | V9: =EDATE(G9,H9) -> 0 | W9: =EDATE(F9,I9) -> 967223 | X9: =EDATE(I9,H9) -> 31778 | Y9: =EDATE(I9,J9) -> #VALUE! | Z9: =EDATE(K9,L9) -> #VALUE! | AA9: =EDATE(L9,M9) -> #N/A | AB9: =EDATE(M9,N9) -> #DIV/0! | AC9: =EDATE(N9,O9) -> #NAME? | AD9: =EDATE(O9,P9) -> #NULL! | AE9: =EDATE(P9,Q9) -> #NUM! | AF9: =EDATE(Q9,R9) -> #REF! | AG9: {=EDATE(I9,C9:G9)} -> #VALUE! | AH9: {=EDATE(E9:I9,C9:G9)} -> #VALUE! | AI9: #VALUE! | AJ9: #VALUE! | AK9: #VALUE! | AL9: #VALUE! | AM9: #VALUE! | AN9: #VALUE! | AO9: #VALUE! | AP9: #VALUE! | AQ9: #VALUE! | AR9: #VALUE! | AS9: #VALUE! | AT9: #VALUE! | AU9: #VALUE! | AV9: #VALUE! | AW9: #VALUE!
A10: EOMONTH | B10: DONE | C10: 1987 | D10: 8 | E10: 1 | F10: 0.7 | G10: 0 | I10: 1/1/1987 02:00 AM | J10: TRUE | K10: #VALUE! | L10: #N/A | M10: #DIV/0! | N10: #NAME? | O10: #NULL! | P10: #NUM! | Q10: #REF! | R10: =EOMONTH(C10,D10) -> 2251 | S10: =EOMONTH(D10,"2") -> 91 | T10: =EOMONTH(E10,".55") -> 31 | U10: =EOMONTH(J10,G10) -> #VALUE! | V10: =EOMONTH(G10,H10) -> 31 | W10: =EOMONTH(F10,I10) -> 967254 | X10: =EOMONTH(I10,H10) -> 31808 | Y10: =EOMONTH(I10,J10) -> #VALUE! | Z10: =EOMONTH(K10,L10) -> #VALUE! | AA10: =EOMONTH(L10,M10) -> #N/A | AB10: =EOMONTH(M10,N10) -> #DIV/0! | AC10: =EOMONTH(N10,O10) -> #NAME? | AD10: =EOMONTH(O10,P10) -> #NULL! | AE10: =EOMONTH(P10,Q10) -> #NUM! | AF10: =EOMONTH(Q10,R10) -> #REF! | AG10: {=EOMONTH(I10,C10:G10)} -> #VALUE! | AH10: {=EOMONTH(E10:I10,C10:G10)} -> #VALUE! | AI10: #VALUE! | AJ10: #VALUE! | AK10: #VALUE! | AL10: #VALUE! | AM10: #VALUE! | AN10: #VALUE! | AO10: #VALUE! | AP10: #VALUE! | AQ10: #VALUE! | AR10: #VALUE! | AS10: #VALUE! | AT10: #VALUE! | AU10: #VALUE! | AV10: #VALUE! | AW10: #VALUE!
A11: HOUR | B11: DONE | C11: 0.44 | D11: -1 | E11: 0.33 | F11: 1.4 | G11: 0 | I11: 3 | J11: TRUE | K11: #VALUE! | L11: #N/A | M11: #DIV/0! | N11: #NAME? | O11: #NULL! | P11: #NUM! | Q11: #REF! | R11: =HOUR(C11) -> 10 | S11: =HOUR(D11) -> #NUM! | T11: =HOUR(E11) -> 7 | U11: =HOUR(F11) -> 9 | V11: =HOUR(G11) -> 0 | W11: =HOUR(H11) -> 0 | X11: =HOUR(I11) -> 0 | Y11: =HOUR(J11) -> 0 | ... AF11: =HOUR(Q11) -> #REF! | AG11: {=HOUR(I6:J6)} -> 0 | AH11: {=HOUR(C11:Q11)} -> 10 | AI11: #NUM! | AJ11: 7 | AK11: 9 | AL11: 0 | AM11: 0 | AN11: 0 | AO11: 0 | AP11: #VALUE! | AQ11: #N/A | AR11: #DIV/0! | AS11: #NAME? | AT11: #NULL! | AU11: #NUM! | AV11: #REF! | AW11: #N/A
A12: ISOWEEKNUM | B12: DONE | C12: 1987 | D12: 8 | E12: 1 | F12: 0.7 | G12: 0 | I12: 1/1/1987 05:00 AM | J12: TRUE | K12: #VALUE! | L12: #N/A | M12: #DIV/0! | N12: #NAME? | O12: #NULL! | P12: #NUM! | Q12: #REF! | R12: =_xlfn.ISOWEEKNUM(C12) -> 23 | S12: =_xlfn.ISOWEEKNUM(D12) -> 1 | T12: =_xlfn.ISOWEEKNUM(E12) -> 52 | U12: =_xlfn.ISOWEEKNUM(F12) -> 52 | V12: =_xlfn.ISOWEEKNUM(G12) -> 52 | W12: =_xlfn.ISOWEEKNUM(H12) -> 52 | X12: =_xlfn.ISOWEEKNUM(I12) -> 1 | Y12: =_xlfn.ISOWEEKNUM(J12) -> 52 | ... AF12: =_xlfn.ISOWEEKNUM(Q12) -> #REF! | AG12: {=_xlfn.ISOWEEKNUM(C12:Q12)} -> 23 | AH12: {=_xlfn.ISOWEEKNUM(C12:Q12)} -> 23 | AI12: 1 | AJ12: 52 | AK12: 52 | AL12: 52 | AM12: 52 | AN12: 1 | AO12: 52 | AP12: #VALUE! | AQ12: #N/A | AR12: #DIV/0! | AS12: #NAME? | AT12: #NULL! | AU12: #NUM! | AV12: #REF! | AW12: #N/A
A13: MINUTE | B13: DONE | C13: 0.44 | D13: -1 | E13: 0.33 | F13: 1.4 | G13: 0 | I13: 3 | J13: TRUE | K13: #VALUE! | L13: #N/A | M13: #DIV/0! | N13: #NAME? | O13: #NULL! | P13: #NUM! | Q13: #REF! | R13: =MINUTE(C13) -> 33 | S13: =MINUTE(D13) -> #NUM! | T13: =MINUTE(E13) -> 55 | U13: =MINUTE(F13) -> 36 | V13: =MINUTE(G13) -> 0 | W13: =MINUTE(H13) -> 0 | X13: =MINUTE(I13) -> 0 | Y13: =MINUTE(J13) -> 0 | ... AF13: =MINUTE(Q13) -> #REF! | AG13: {=MINUTE(I8:J8)} -> 0 | AH13: {=MINUTE(C13:Q13)} -> 33 | AI13: #NUM! | AJ13: 55 | AK13: 36 | AL13: 0 | AM13: 0 | AN13: 0 | AO13: 0 | AP13: #VALUE! | AQ13: #N/A | AR13: #DIV/0! | AS13: #NAME? | AT13: #NULL! | AU13: #NUM! | AV13: #REF! | AW13: #N/A
A14: MONTH | B14: DONE | C14: 1987 | D14: 8 | E14: 1 | F14: 0.7 | G14: 0 | I14: 600 | J14: TRUE | K14: #VALUE! | L14: #N/A | M14: #DIV/0! | N14: #NAME? | O14: #NULL! | P14: #NUM! | Q14: #REF! | R14: =MONTH(C14) -> 6 | S14: =MONTH(D14) -> 1 | T14: =MONTH(E14) -> 1 | U14: =MONTH(F14) -> 1 | V14: =MONTH(G14) -> 1 | W14: =MONTH(H14) -> 1 | X14: =MONTH(I14) -> 8 | Y14: =MONTH(J14) -> 1 | ... AF14: =MONTH(Q14) -> #REF! | AG14: {=MONTH(I6:J6)} -> 8 | AH14: {=MONTH(C14:Q14)} -> 6 | AI14: 1 | AJ14: 1 | AK14: 1 | AL14: 1 | AM14: 1 | AN14: 8 | AO14: 1 | AP14: #VALUE! | AQ14: #N/A | AR14: #DIV/0! | AS14: #NAME? | AT14: #NULL! | AU14: #NUM! | AV14: #REF! | AW14: #N/A
A15: NETWORKDAYS | B15: DONE | C15: 1987 | D15: 8 | E15: 1 | F15: 0.7 | G15: 0 | I15: 600 | J15: TRUE | K15: #VALUE! | L15: #N/A | M15: #DIV/0! | N15: #NAME? | O15: #NULL! | P15: #NUM! | Q15: #REF! | R15: =NETWORKDAYS("2020-1-1","2024-1-1",C15) -> 1044 | S15: =NETWORKDAYS("2020-1-1","2024-1-1",D15) -> 1044 | T15: =NETWORKDAYS("2020-1-1","2024-1-1",E15) -> 1044 | U15: =NETWORKDAYS("2020-1-1","2024-1-1",F15) -> 1044 | V15: =NETWORKDAYS("2020-1-1","2024-1-1",G15) -> 1044 | W15: =NETWORKDAYS("2020-1-1","2024-1-1",H15) -> 1044 | X15: =NETWORKDAYS("2020-1-1","2024-1-1",I15) -> 1044 | Y15: =NETWORKDAYS("2020-1-1","2024-1-1",J15) -> #VALUE! | ... AF15: =NETWORKDAYS("2020-1-1","2024-1-1",Q15) -> #REF! | AG15: {=NETWORKDAYS("2020-1-1",{"2024-7-1","2010-3-2","2010-2-1"})} -> 1174 | AH15: {=NETWORKDAYS("2020-1-1",{"2024-7-1","2010-3-2","2010-2-1"})} -> 1174 | AI15: -2567 | AJ15: -2588
A16: NETWORKDAYS.INTL | B16: DONE | C16: 1987 | D16: 8.8 | E16: 1 | F16: 11 | G16: 0 | I16: 600 | J16: TRUE | K16: #VALUE! | L16: #N/A | M16: #DIV/0! | N16: #NAME? | O16: #NULL! | P16: #NUM! | Q16: #REF! | R16: =NETWORKDAYS.INTL("2020-1-1","2024-1-1",C16) -> #NUM! | S16: =NETWORKDAYS.INTL("2020-1-1","2024-1-1",D16) -> #NUM! | T16: =NETWORKDAYS.INTL("2020-1-1","2024-1-1",E16) -> 1044 | U16: =NETWORKDAYS.INTL("2020-1-1","2024-1-1",F16) -> 1253 | V16: =NETWORKDAYS.INTL("2020-1-1","2024-1-1","1111101") -> 209 | W16: =NETWORKDAYS.INTL("2020-1-1","2024-1-1",H16) -> #NUM! | X16: =NETWORKDAYS.INTL("2020-1-1","2024-1-1",I16) -> #VALUE! | Y16: =NETWORKDAYS.INTL("2020-1-1","2024-1-1",J16) -> 1044 | Z16: =NETWORKDAYS.INTL("2020-1-1","2024-1-1",K16) -> #VALUE! | AA16: =NETWORKDAYS.INTL("2020-1-1","2024-1-1",L16) -> #VALUE! | AB16: =NETWORKDAYS.INTL("2020-1-1","2024-1-1",M16) -> #VALUE! | AC16: =NETWORKDAYS.INTL("2020-1-1","2024-1-1",N16) -> #VALUE! | AD16: =NETWORKDAYS.INTL("2020-1-1","2024-1-1",O16) -> #VALUE! | ... AF16: =NETWORKDAYS.INTL("2020-1-1","2024-1-1",Q16) -> #VALUE! | AG16: {=NETWORKDAYS.INTL("2020-1-1","2024-1-1",C16:I16)} -> #NUM! | AH16: {=NETWORKDAYS.INTL("2020-1-1","2024-1-1",C16:Q16)} -> #NUM! | AI16: #NUM! | AJ16: 1044 | AK16: 1253 | AL16: #NUM! | AM16: #NUM! | AN16: #VALUE! | AO16: 1044 | AP16: #VALUE! | AQ16: #VALUE! | AR16: #VALUE! | AS16: #VALUE! | AT16: #VALUE! | AU16: #VALUE! | AV16: #VALUE! | AW16: #N/A
A17: NOW | B17: DONE | W17: =IF(NOW(),1,0) -> 1
A18: SECOND | B18: DONE | C18: 0.44 | D18: -1 | E18: 0.33 | F18: 1.4 | G18: 0 | I18: 3 | J18: TRUE | K18: #VALUE! | L18: #N/A | M18: #DIV/0! | N18: #NAME? | O18: #NULL! | P18: #NUM! | Q18: #REF! | R18: =SECOND(C18) -> 36 | S18: =SECOND(D18) -> #NUM! | T18: =SECOND(E18) -> 12 | U18: =SECOND(F18) -> 0 | V18: =SECOND(G18) -> 0 | W18: =SECOND(H18) -> 0 | X18: =SECOND(I18) -> 0 | Y18: =SECOND(J18) -> 0 | ... AF18: =SECOND(Q18) -> #REF! | AG18: {=SECOND(I13:J13)} -> 0 | AH18: {=SECOND(C18:Q18)} -> 36 | AI18: #NUM! | AJ18: 12 | AK18: 0 | AL18: 0 | AM18: 0 | AN18: 0 | AO18: 0 | AP18: #VALUE! | AQ18: #N/A | AR18: #DIV/0! | AS18: #NAME? | AT18: #NULL! | AU18: #NUM! | AV18: #REF! | AW18: #N/A
A19: TIME | B19: DONE | C19: 32767.99 | D19: -1 | E19: 67 | F19: 0.7 | G19: 0 | I19: 60 | J19: TRUE | K19: #VALUE! | L19: #N/A | M19: #DIV/0! | N19: #NAME? | O19: #NULL! | P19: #NUM! | Q19: #REF! | R19: =TIME(C19,D19,E19) -> 0.29174769 | S19: =TIME(C19,D19,F19) -> 0.29097222 | T19: =TIME(0.9,0.9,0.9) -> 0 | U19: =TIME(0,1,0) -> 0.00069444444 | V19: =TIME(1,0,0) -> 0.041666667 | W19: =TIME(C19,D19,H19) -> 0.29097222 | X19: =TIME(D19,E19,I19) -> 0.0055555556 | Y19: =TIME(E19,F19,J19) -> 0.79167824 | Z19: =TIME(F19,G19,K19) -> #VALUE! | AA19: =TIME(G19,H19,L19) -> #N/A | AB19: =TIME(H19,I19,M19) -> #DIV/0! | AC19: =TIME(I19,J19,N19) -> #NAME? | AD19: =TIME(J19,O19,K19) -> #NULL! | AE19: =TIME(C19,P19,L19) -> #NUM! | AF19: =TIME(Q19,K19,M19) -> #REF! | AG19: {=TIME(C19,D19,E19:H19)} -> 0.29174769 | AH19: {=TIME(C19,D19,E19:G19)} -> 0.29174769 | AI19: 0.29097222 | AJ19: 0.29097222 | AK19: #N/A | AL19: {=TIME(C19:E19,H19,D19:F19)} -> 0.29165509 | AM19: #NUM! | AN19: 0.79166667 | AO19: {=TIME(C19:I19,H19,K19:Q19)} -> #VALUE! | AP19: #N/A | AQ19: #DIV/0! | AR19: #NAME? | AS19: #NULL! | AT19: #NUM! | AU19: #REF! | AV19: #N/A | AW19: #N/A
A20: TIMEVALUE | B20: DONE | C20: 1987 | D20: 8 | E20: 1 | F20: 0.7 | G20: 0 | I20: 1/1/1987 05:00 AM | J20: TRUE | K20: #VALUE! | L20: #N/A | M20: #DIV/0! | N20: #NAME? | O20: #NULL! | P20: #NUM! | Q20: #REF! | R20: =TIMEVALUE(C20) -> #VALUE! | S20: =TIMEVALUE(D20) -> #VALUE! | T20: =TIMEVALUE(E20) -> #VALUE! | U20: =TIMEVALUE(F20) -> #VALUE! | V20: =TIMEVALUE(G20) -> #VALUE! | W20: =TIMEVALUE(H20) -> #VALUE! | X20: =TIMEVALUE(I20) -> 0.20833333 | Y20: =TIMEVALUE(J20) -> #VALUE! | ... AF20: =TIMEVALUE(Q20) -> #REF! | AG20: {=TIMEVALUE(I20:J20)} -> 0.20833333 | AH20: {=TIMEVALUE(C20:Q20)} -> #VALUE! | AI20: #VALUE! | AJ20: #VALUE! | AK20: #VALUE! | AL20: #VALUE! | AM20: #VALUE! | AN20: 0.20833333 | AO20: #VALUE! | AP20: #VALUE! | AQ20: #N/A | AR20: #DIV/0! | AS20: #NAME? | AT20: #NULL! | AU20: #NUM! | AV20: #REF! | AW20: #N/A
A21: TODAY | B21: DONE | W21: =IF(TODAY(),1,0) -> 1
A22: WEEKDAY | B22: DONE | C22: 1987 | D22: 8 | E22: 1 | F22: 0.7 | G22: 0 | I22: 1/1/1987 05:00 AM | J22: TRUE | K22: #VALUE! | L22: #N/A | M22: #DIV/0! | N22: #NAME? | O22: #NULL! | P22: #NUM! | Q22: #REF! | R22: =WEEKDAY(C22) -> 6 | S22: =WEEKDAY(D22) -> 1 | T22: =WEEKDAY(E22) -> 1 | U22: =WEEKDAY(F22) -> 7 | V22: =WEEKDAY(G22) -> 7 | W22: =WEEKDAY(H22) -> 7 | X22: =WEEKDAY(I22) -> 5 | Y22: =WEEKDAY(J22) -> 1 | ... AF22: =WEEKDAY(Q22) -> #REF! | AG22: {=WEEKDAY(C22:Q22)} -> 6 | AH22: {=WEEKDAY(C22:Q22)} -> 6 | AI22: 1 | AJ22: 1 | AK22: 7 | AL22: 7 | AM22: 7 | AN22: 5 | AO22: 1 | AP22: #VALUE! | AQ22: #N/A | AR22: #DIV/0! | AS22: #NAME? | AT22: #NULL! | AU22: #NUM! | AV22: #REF! | AW22: #N/A
A23: WEEKNUM | B23: DONE | C23: 1987 | D23: 8 | E23: 1 | F23: 0.7 | G23: 0 | I23: 1/1/1987 05:00 AM | J23: TRUE | K23: #VALUE! | L23: #N/A | M23: #DIV/0! | N23: #NAME? | O23: #NULL! | P23: #NUM! | Q23: #REF! | R23: =WEEKNUM(C23,2) -> 24 | S23: =WEEKNUM(D23,1) -> 2 | T23: =WEEKNUM(E23,1) -> 1 | U23: =WEEKNUM(F23,1) -> 0 | V23: =WEEKNUM(G23,1) -> 0 | W23: =WEEKNUM(H23,1) -> 0 | X23: =WEEKNUM(I23,1) -> 1 | Y23: =WEEKNUM(J23,1) -> #VALUE! | Z23: =WEEKNUM(K23,1) -> #VALUE! | ... AF23: =WEEKNUM(Q23,1) -> #REF! | AG23: =WEEKNUM(C23:F23) -> #VALUE! | AH23: {=WEEKNUM(C23:J23,1)} -> #VALUE! | AI23: #VALUE! | AJ23: #VALUE! | AK23: #VALUE! | AL23: #VALUE! | AM23: #VALUE! | AN23: #VALUE! | AO23: #VALUE! | AP23: #VALUE! | AQ23: #VALUE! | AR23: #VALUE! | AS23: #VALUE! | AT23: #VALUE! | AU23: #VALUE! | AV23: #VALUE! | AW23: #VALUE!
A24: WORKDAY | B24: DONE | C24: 1987 | D24: 8 | E24: 1 | F24: 0.7 | G24: 0 | I24: 600 | J24: TRUE | K24: #VALUE! | L24: #N/A | M24: #DIV/0! | N24: #NAME? | O24: #NULL! | P24: #NUM! | Q24: #REF! | R24: =WORKDAY("2020-1-1","2024-1-1",C24) -> 107239 | S24: =WORKDAY("2020-1-1","2024-1-1",D24) -> 107239 | T24: =WORKDAY("2020-1-1","2024-1-1",E24) -> 107239 | U24: =WORKDAY("2020-1-1","2024-1-1",F24) -> 107239 | V24: =WORKDAY("2020-1-1","2024-1-1",G24) -> 107239 | W24: =WORKDAY("2020-1-1","2024-1-1",H24) -> 107239 | X24: =WORKDAY("2020-1-1","2024-1-1",I24) -> 107239 | Y24: =WORKDAY("2020-1-1","2024-1-1",J24) -> #VALUE! | ... AF24: =WORKDAY("2020-1-1","2024-1-1",Q24) -> #REF! | AG24: {=WORKDAY("2020-1-1",{"2024-7-1","2010-3-2","2010-2-1"})} -> 107495 | AH24: {=WORKDAY("2020-1-1",{"2024-7-1","2010-3-2","2010-2-1"})} -> 107495 | AI24: 100166 | AJ24: 100125
A25: WORKDAY.INTL | B25: DONE | C25: 1987 | D25: 8.8 | E25: 1 | F25: 11 | G25: 0 | I25: 600 | J25: TRUE | K25: #VALUE! | L25: #N/A | M25: #DIV/0! | N25: #NAME? | O25: #NULL! | P25: #NUM! | Q25: #REF! | R25: =WORKDAY.INTL("2020-1-1","2024-1-1",C25) -> #NUM! | S25: =WORKDAY.INTL("2020-1-1","2024-1-1",D25) -> #NUM! | T25: =WORKDAY.INTL("2020-1-1","2024-1-1",E25) -> 107239 | U25: =WORKDAY.INTL("2020-1-1","2024-1-1",F25) -> 96672 | V25: =WORKDAY.INTL("2020-1-1","2024-1-1",G25) -> #NUM! | W25: =WORKDAY.INTL("2020-1-1","2024-1-1",H25) -> #NUM! | X25: =WORKDAY.INTL("2020-1-1","2024-1-1",I25) -> #VALUE! | Y25: =WORKDAY.INTL("2020-1-1","2024-1-1",J25) -> 107239 | ... AF25: =WORKDAY.INTL("2020-1-1","2024-1-1",Q25) -> #NUM! | AG25: {=WORKDAY.INTL("2020-1-1","2024-1-1",C25:I25)} -> #NUM! | AH25: {=WORKDAY.INTL("2020-1-1","2024-1-1",E25:F25)} -> 107239 | AI25: 96672 | AJ25: #N/A | AK25: #N/A | AL25: #N/A | AM25: #N/A | AN25: #N/A | AO25: #N/A | AP25: #N/A | AQ25: #N/A | AR25: #N/A | AS25: #N/A | AT25: #N/A | AU25: #N/A | AV25: #N/A | AW25: #N/A
A26: YEAR | B26: DONE | C26: 1987 | D26: 8 | E26: 1 | F26: 0.7 | G26: 0 | I26: 600 | J26: TRUE | K26: #VALUE! | L26: #N/A | M26: #DIV/0! | N26: #NAME? | O26: #NULL! | P26: #NUM! | Q26: #REF! | R26: =YEAR(C26) -> 1905 | S26: =YEAR(D26) -> 1900 | T26: =YEAR(E26) -> 1900 | U26: =YEAR(F26) -> 1900 | V26: =YEAR(G26) -> 1900 | W26: =YEAR(H26) -> 1900 | X26: =YEAR(I26) -> 1901 | Y26: =YEAR(J26) -> 1900 | ... AF26: =YEAR(Q26) -> #REF! | AG26: {=YEAR(I26:J26)} -> 1901 | AH26: {=YEAR(C26:Q26)} -> 1905 | AI26: 1900 | AJ26: 1900 | AK26: 1900 | AL26: 1900 | AM26: 1900 | AN26: 1901 | AO26: 1900 | AP26: #VALUE! | AQ26: #N/A | AR26: #DIV/0! | AS26: #NAME? | AT26: #NULL! | AU26: #NUM! | AV26: #REF! | AW26: #N/A
A27: YEARFRAC | B27: DONE | C27: 1987 | D27: 1 | E27: 2.9 | F27: 3 | G27: 4 | I27: 1/1/1987 05:00 AM | J27: TRUE | K27: #VALUE! | L27: #N/A | M27: #DIV/0! | N27: #NAME? | O27: #NULL! | P27: #NUM! | Q27: #REF! | R27: =YEARFRAC(C27,345,D27) -> 4.4965769 | S27: =YEARFRAC(D27,345,E27) -> 0.95555556 | T27: =YEARFRAC(E27,345,"3") -> 0.93972603 | U27: =YEARFRAC(F27,345,J27) -> #VALUE! | V27: =YEARFRAC(G27,345,H27) -> 0.93333333 | W27: =YEARFRAC(H27,345,I27) -> #NUM! | X27: =YEARFRAC(I27,345,G27) -> 86.058333 | Y27: =YEARFRAC(J27,345,D27) -> #VALUE! | Z27: =YEARFRAC(K27,345,L27) -> #N/A | AA27: =YEARFRAC(L27,345,M27) -> #DIV/0! | AB27: =YEARFRAC(M27,345,N27) -> #NAME? | AC27: =YEARFRAC(N27,345,O27) -> #NULL! | AD27: =YEARFRAC(O27,345,P27) -> #NUM! | AE27: =YEARFRAC(P27,345,Q27) -> #REF! | AF27: =YEARFRAC(Q27,345,R27) -> #REF! | AG27: =YEARFRAC(C27:D27,E27:F27,D27:E27) -> #VALUE! | AH27: {=YEARFRAC(C27:E27,D27:F27,E27:G27)} -> #VALUE! | AI27: #VALUE! | AJ27: #VALUE! | AK27: #VALUE! | AL27: #VALUE! | AM27: #VALUE! | AN27: #VALUE! | AO27: #VALUE! | AP27: #VALUE! | AQ27: #VALUE! | AR27: #VALUE! | AS27: #VALUE! | AT27: #VALUE! | AU27: #VALUE! | AV27: #VALUE! | AW27: #VALUE!

Sheet ENGINEERING
A1: COVERAGE | B1: =COUNTIF(B3:B66,"=DONE")/COUNTA(A3:A66) -> 1 | C1: INPUTS | R1: EVAL
A2: FUNCTION | B2: STATUS | C2: NUMERIC | H2: EMPTY | I2: STRING | J2: BOOL | K2: ERROR | R2: NUMERIC | W2: EMPTY | X2: STRING | Y2: BOOL | Z2: ERROR | AG2: ARRAY -> VALUE | AH2: ARRAY -> ARRAY
A3: BESSELI | B3: DONE | C3: 0 | D3: 10000000 | E3: 2.3 | F3: 2 | G3: -1 | I3: 3.2 | J3: TRUE | K3: =#VALUE! -> #VALUE! | L3: #N/A | M3: #DIV/0! | N3: #NAME? | O3: #NULL! | P3: #NUM! | Q3: #REF! | R3: =BESSELI(C3,D3) -> 0 | S3: =BESSELI(D3,E3) -> #NUM! | T3: =BESSELI(E3,F3) -> 1.0054317 | U3: =BESSELI(F3,G3) -> #NUM! | V3: =BESSELI(G3,H3) -> 1.2660658 | W3: =BESSELI(H3,I3) -> 0 | X3: =BESSELI(I3,F3) -> 2.7882985 | Y3: =BESSELI(J3,1) -> #VALUE! | Z3: =BESSELI(K3,L3) -> #VALUE! | AA3: =BESSELI(L3,M3) -> #N/A | AB3: =BESSELI(M3,N3) -> #DIV/0! | AC3: =BESSELI(N3,O3) -> #NAME? | AD3: =BESSELI(O3,P3) -> #NULL! | AE3: =BESSELI(P3,Q3) -> #NUM! | AF3: =BESSELI(Q3,R3) -> #REF! | AG3: =BESSELI(C3:D3,E3) -> #VALUE! | AH3: {=BESSELI(C3:D3,E3)} -> #VALUE! | AI3: #VALUE! | AJ3: {=BESSELI(C3:D3,E3:F3)} -> #VALUE! | AK3: #VALUE! | AL3: {=BESSELI(N3:O3,E3)} -> #VALUE! | AM3: #VALUE! | AN3: =BESSELI(N3:O3,M3) -> #VALUE! | AO3: =BESSELI(O3,M3:N3) -> #NULL! | AP3: =BESSELI("t",M3:N3) -> #VALUE!
A4: BESSELJ | B4: DONE | C4: 0 | D4: 10000000 | E4: 2.3 | F4: 2 | G4: -1 | I4: 3.3 | J4: TRUE | K4: =#VALUE! -> #VALUE! | L4: #N/A | M4: #DIV/0! | N4: #NAME? | O4: #NULL! | P4: #NUM! | Q4: #REF! | R4: =BESSELJ(C4,D4) -> 0 | S4: =BESSELJ(D4,E4) -> 8.6837396e-05 | T4: =BESSELJ(E4,F4) -> 0.41391459 | U4: =BESSELJ(F4,G4) -> #NUM! | V4: =BESSELJ(G4,H4) -> 0.76519768 | W4: =BESSELJ(H4,I4) -> 0 | X4: =BESSELI(I4,F4) -> 3.1026554 | Y4: =BESSELJ(J5,J4) -> #VALUE! | Z4: =BESSELJ(K4,L4) -> #VALUE! | AA4: =BESSELJ(L4,M4) -> #N/A | AB4: =BESSELJ(M4,N4) -> #DIV/0! | AC4: =BESSELJ(N4,O4) -> #NAME? | AD4: =BESSELJ(O4,P4) -> #NULL! | AE4: =BESSELJ(P4,Q4) -> #NUM! | AF4: =BESSELJ(Q4,R4) -> #REF! | AG4: =BESSELJ(C4:D4,E4) -> #VALUE! | AH4: {=BESSELJ(C4:D4,E4)} -> #VALUE! | AI4: #VALUE! | AJ4: #VALUE! | AK4: #VALUE! | AL4: #VALUE! | AM4: #VALUE! | AN4: #VALUE! | AO4: #VALUE! | AP4: #VALUE! | AQ4: #VALUE! | AR4: #VALUE! | AS4: #VALUE! | AT4: #VALUE! | AU4: #VALUE! | AV4: #VALUE! | AW4: #VALUE!
A5: BESSELK | B5: DONE | C5: 0 | D5: 10000000 | E5: 2.3 | F5: 2 | G5: -1 | I5: 3.4 | J5: TRUE | K5: =#VALUE! -> #VALUE! | L5: #N/A | M5: #DIV/0! | N5: #NAME? | O5: #NULL! | P5: #NUM! | Q5: #REF! | R5: =BESSELK(C5,D5) -> #NUM! | S5: =BESSELK(D5,E5) -> 0 | T5: =BESSELK(E5,F5) -> 0.16173336 | U5: =BESSELK(F5,G5) -> #NUM! | V5: =BESSELK(G5,H5) -> #NUM! | W5: =BESSELK(H5,I5) -> #NUM! | X5: =BESSELI(I5,F5) -> 3.4494589 | Y5: =BESSELK(J5,K5) -> #VALUE! | Z5: =BESSELK(K5,L5) -> #VALUE! | AA5: =BESSELK(L5,M5) -> #N/A | AB5: =BESSELK(M5,N5) -> #DIV/0! | AC5: =BESSELK(N5,O5) -> #NAME? | AD5: =BESSELK(O5,P5) -> #NULL! | AE5: =BESSELK(P5,Q5) -> #NUM! | AF5: =BESSELK(Q5,R5) -> #REF! | AG5: =BESSELK(C5:D5,E5) -> #VALUE! | AH5: {=BESSELK(C5:D5,E5)} -> #VALUE! | AI5: #VALUE! | AJ5: #VALUE! | AK5: #VALUE! | AL5: #VALUE! | AM5: #VALUE! | AN5: #VALUE! | AO5: #VALUE! | AP5: #VALUE! | AQ5: #VALUE! | AR5: #VALUE! | AS5: #VALUE! | AT5: #VALUE! | AU5: #VALUE! | AV5: #VALUE! | AW5: #VALUE!
A6: BESSELY | B6: DONE | C6: 0 | D6: 10000000 | E6: 2.3 | F6: 2 | G6: -1 | I6: 3.5 | J6: TRUE | K6: =#VALUE! -> #VALUE! | L6: #N/A | M6: #DIV/0! | N6: #NAME? | O6: #NULL! | P6: #NUM! | Q6: #REF! | R6: =BESSELY(C6,D6) -> #NUM! | S6: =BESSELY(D6,E6) -> -0.00023689923 | T6: =BESSELY(E6,F6) -> -0.47261686 | U6: =BESSELY(F6,G6) -> #NUM! | V6: =BESSELY(G6,H6) -> #NUM! | W6: =BESSELY(H6,I6) -> #NUM! | X6: =BESSELI(I6,F6) -> 3.8320121 | Y6: =BESSELY(J6,K6) -> #VALUE! | Z6: =BESSELY(K6,L6) -> #VALUE! | AA6: =BESSELY(L6,M6) -> #N/A | AB6: =BESSELY(M6,N6) -> #DIV/0! | AC6: =BESSELY(N6,O6) -> #NAME? | AD6: =BESSELY(O6,P6) -> #NULL! | AE6: =BESSELY(P6,Q6) -> #NUM! | AF6: =BESSELY(Q6,R6) -> #REF! | AG6: =BESSELY(C6:D6,E6) -> #VALUE! | AH6: {=BESSELY(C6:D6,E6)} -> #VALUE! | AI6: #VALUE! | AJ6: #VALUE! | AK6: #VALUE! | AL6: #VALUE! | AM6: #VALUE! | AN6: #VALUE! | AO6: #VALUE! | AP6: #VALUE! | AQ6: #VALUE! | AR6: #VALUE! | AS6: #VALUE! | AT6: #VALUE! | AU6: #VALUE! | AV6: #VALUE! | AW6: #VALUE!
A7: BIN2DEC | B7: DONE | C7: 0 | D7: 111111111 | E7: 2.3 | F7: 1000000000 | G7: -1 | I7: fffffffffe | J7: TRUE | K7: =#VALUE! -> #VALUE! | L7: #N/A | M7: #DIV/0! | N7: #NAME? | O7: #NULL! | P7: #NUM! | Q7: #REF! | R7: =BIN2DEC(C7) -> 0 | S7: =BIN2DEC(D7) -> 511 | T7: =BIN2DEC(E7) -> #NUM! | U7: =BIN2DEC(F7) -> -512 | V7: =BIN2DEC(G7) -> #NUM! | W7: =BIN2DEC(H7) -> 0 | X7: =BIN2DEC(I7) -> #NUM! | Y7: =BIN2DEC(J7) -> #VALUE! | ... AF7: =BIN2DEC(Q7) -> #REF!
A8: BIN2HEX | B8: DONE | C8: 0 | D8: 111111111 | E8: 2.3 | F8: 1000000000 | G8: -1 | I8: fffffffffe | J8: TRUE | K8: =#VALUE! -> #VALUE! | L8: #N/A | M8: #DIV/0! | N8: #NAME? | O8: #NULL! | P8: #NUM! | Q8: #REF! | R8: =BIN2HEX(C8) -> 0 | S8: =BIN2HEX(D8) -> 1FF | T8: =BIN2HEX(E8) -> #NUM! | U8: =BIN2HEX(F8) -> FFFFFFFE00 | V8: =BIN2HEX(G8) -> #NUM! | W8: =BIN2HEX(H8,0) -> #NUM! | X8: =BIN2HEX(I8) -> #NUM! | Y8: =BIN2HEX(J8) -> #VALUE! | Z8: =BIN2HEX(K8) -> #VALUE! | AA8: =BIN2HEX(L8) -> #N/A | AB8: =BIN2HEX(M8) -> #DIV/0! | AC8: =BIN2HEX(N8) -> #NAME? | AD8: =BIN2HEX(O8) -> #NULL! | AE8: =BIN2HEX(P8) -> #NUM! | AF8: =BIN2HEX(Q8) -> #REF!
A9: BIN2OCT | B9: DONE | C9: 0 | D9: 111111111 | E9: 2.3 | F9: 1000000000 | G9: -1 | I9: fffffffffe | J9: TRUE | K9: =#VALUE! -> #VALUE! | L9: #N/A | M9: #DIV/0! | N9: #NAME? | O9: #NULL! | P9: #NUM! | Q9: #REF! | R9: =BIN2OCT(C9) -> 0 | S9: =BIN2OCT(D9) -> 777 | T9: =BIN2OCT(E9) -> #NUM! | U9: =BIN2OCT(F9) -> 7777777000 | V9: =BIN2OCT(G9) -> #NUM! | W9: =BIN2OCT(H9,0) -> #NUM! | X9: =BIN2OCT(I9) -> #NUM! | Y9: =BIN2OCT(J9) -> #VALUE! | Z9: =BIN2OCT(K9) -> #VALUE! | AA9: =BIN2OCT(L9) -> #N/A | AB9: =BIN2OCT(M9) -> #DIV/0! | AC9: =BIN2OCT(N9) -> #NAME? | AD9: =BIN2OCT(O9) -> #NULL! | AE9: =BIN2OCT(P9) -> #NUM! | AF9: =BIN2OCT(Q9) -> #REF!
A10: BITAND | B10: DONE | C10: 281474976710656 | D10: 25 | E10: 2.3 | F10: 99 | G10: -1 | I10: 3.2 | J10: TRUE | K10: =#VALUE! -> #VALUE! | L10: #N/A | M10: #DIV/0! | N10: #NAME? | O10: #NULL! | P10: #NUM! | Q10: #REF! | R10: =_xlfn.BITAND(C10,D10) -> #NUM! | S10: =_xlfn.BITAND(D10,E10) -> #NUM! | T10: =_xlfn.BITAND(E10,F10) -> #NUM! | U10: =_xlfn.BITAND(F10,G10) -> #NUM! | V10: =_xlfn.BITAND(G10,H10) -> #NUM! | W10: =_xlfn.BITAND(H10,I10) -> #NUM! | X10: =_xlfn.BITAND(I10,J10) -> #NUM! | Y10: =_xlfn.BITAND(J10,K10) -> #VALUE! | ... AF10: =_xlfn.BITAND(Q10,R10) -> #REF! | AG10: {=_xlfn.BITAND(C10:D10,F10)} -> #NUM! | AH10: {=_xlfn.BITAND(C10:P10,D10:Q10)} -> #NUM! | AI10: #NUM! | AJ10: #NUM! | AK10: #NUM! | AL10: #NUM! | AM10: #NUM! | AN10: #NUM! | AO10: #VALUE! | AP10: #VALUE! | AQ10: #N/A | AR10: #DIV/0! | AS10: #NAME? | AT10: #NULL! | AU10: #NUM! | AV10: #N/A | AW10: #N/A
A11: BITLSHIFT | B11: DONE | C11: 13 | D11: 25 | E11: 2.3 | F11: 99 | G11: -1 | I11: 3.3 | J11: TRUE | K11: =#VALUE! -> #VALUE! | L11: #N/A | M11: #DIV/0! | N11: #NAME? | O11: #NULL! | P11: #NUM! | Q11: #REF! | R11: =_xlfn.BITLSHIFT(C11,D11) -> 436207616 | S11: =_xlfn.BITLSHIFT(D11,E11) -> 100 | T11: =_xlfn.BITLSHIFT(E11,F11) -> #NUM! | U11: =_xlfn.BITLSHIFT(F11,G11) -> 49 | V11: =_xlfn.BITLSHIFT(G11,H11) -> #NUM! | W11: =_xlfn.BITLSHIFT(H11,I11) -> 0 | X11: =_xlfn.BITLSHIFT(I11,J11) -> #NUM! | Y11: =_xlfn.BITLSHIFT(J11,K11) -> #VALUE! | ... AG11: =_xlfn.BITLSHIFT(R11,S11) -> #NUM! | AH11: {=_xlfn.BITLSHIFT(C11:P11,D11:Q11)} -> 436207616 | AI11: 100 | AJ11: #NUM! | AK11: 49 | AL11: #NUM! | AM11: 0 | AN11: #NUM! | AO11: #VALUE! | AP11: #VALUE! | AQ11: #N/A | AR11: #DIV/0! | AS11: #NAME? | AT11: #NULL! | AU11: #NUM!
A12: BITOR | B12: DONE | C12: 13 | D12: 25 | E12: 2.3 | F12: 99 | G12: -1 | I12: 3.4 | J12: TRUE | K12: =#VALUE! -> #VALUE! | L12: #N/A | M12: #DIV/0! | N12: #NAME? | O12: #NULL! | P12: #NUM! | Q12: #REF! | R12: =_xlfn.BITOR(C12,D12) -> 29 | S12: =_xlfn.BITOR(D12,E12) -> #NUM! | T12: =_xlfn.BITOR(E12,F12) -> #NUM! | U12: =_xlfn.BITOR(F12,G12) -> #NUM! | V12: =_xlfn.BITOR(G12,H12) -> #NUM! | W12: =_xlfn.BITOR(H12,I12) -> #NUM! | X12: =_xlfn.BITOR(I12,J12) -> #NUM! | Y12: =_xlfn.BITOR(J12,K12) -> #VALUE! | ... AG12: =_xlfn.BITOR(R12,S12) -> #NUM! | AH12: {=_xlfn.BITOR(C12:P12,D12:Q12)} -> 29 | AI12: #NUM! | AJ12: #NUM! | AK12: #NUM! | AL12: #NUM! | AM12: #NUM! | AN12: #NUM! | AO12: #VALUE! | AP12: #VALUE! | AQ12: #N/A | AR12: #DIV/0! | AS12: #NAME? | AT12: #NULL! | AU12: #NUM!
A13: BITRSHIFT | B13: DONE | C13: 13 | D13: 25 | E13: 2.3 | F13: 99 | G13: -1 | I13: 3.5 | J13: TRUE | K13: =#VALUE! -> #VALUE! | L13: #N/A | M13: #DIV/0! | N13: #NAME? | O13: #NULL! | P13: #NUM! | Q13: #REF! | R13: =_xlfn.BITRSHIFT(C13,D13) -> 0 | S13: =_xlfn.BITRSHIFT(D13,E13) -> 6 | T13: =_xlfn.BITRSHIFT(E13,F13) -> #NUM! | U13: =_xlfn.BITRSHIFT(F13,G13) -> 198 | V13: =_xlfn.BITRSHIFT(G13,H13) -> #NUM! | W13: =_xlfn.BITRSHIFT(H13,I13) -> 0 | X13: =_xlfn.BITRSHIFT(I13,J13) -> #NUM! | Y13: =_xlfn.BITRSHIFT(J13,K13) -> #VALUE! | ... AG13: =_xlfn.BITRSHIFT(R13,S13) -> 0 | AH13: {=_xlfn.BITRSHIFT(C13:P13,D13:Q13)} -> 0 | AI13: 6 | AJ13: #NUM! | AK13: 198 | AL13: #NUM! | AM13: 0 | AN13: #NUM! | AO13: #VALUE! | AP13: #VALUE! | AQ13: #N/A | AR13: #DIV/0! | AS13: #NAME? | AT13: #NULL! | AU13: #NUM!
A14: BITXOR | B14: DONE | C14: 13 | D14: 25 | E14: 2.3 | F14: 99 | G14: -1 | I14: 3.6 | J14: TRUE | K14: =#VALUE! -> #VALUE! | L14: #N/A | M14: #DIV/0! | N14: #NAME? | O14: #NULL! | P14: #NUM! | Q14: #REF! | R14: =_xlfn.BITXOR(C14,D14) -> 20 | S14: =_xlfn.BITXOR(D14,E14) -> #NUM! | T14: =_xlfn.BITXOR(E14,F14) -> #NUM! | U14: =_xlfn.BITXOR(F14,G14) -> #NUM! | V14: =_xlfn.BITXOR(G14,H14) -> #NUM! | W14: =_xlfn.BITXOR(H14,I14) -> #NUM! | X14: =_xlfn.BITXOR(I14,J14) -> #NUM! | Y14: =_xlfn.BITXOR(J14,K14) -> #VALUE! | ... AG14: =_xlfn.BITXOR(R14,S14) -> #NUM! | AH14: {=_xlfn.BITXOR(C14:P14,D14:Q14)} -> 20 | AI14: #NUM! | AJ14: #NUM! | AK14: #NUM! | AL14: #NUM! | AM14: #NUM! | AN14: #NUM! | AO14: #VALUE! | AP14: #VALUE! | AQ14: #N/A | AR14: #DIV/0! | AS14: #NAME? | AT14: #NULL! | AU14: #NUM!
A15: COMPLEX | B15: DONE | C15: 13 | D15: 25 | E15: 2.3 | F15: 99 | G15: -1 | I15: 3.6 | J15: TRUE | K15: =#VALUE! -> #VALUE! | L15: #N/A | M15: #DIV/0! | N15: #NAME? | O15: #NULL! | P15: #NUM! | Q15: #REF! | R15: =COMPLEX(C15,D15, "j") -> 13+25j | S15: =COMPLEX(D15,E15, "j") -> 25+2.3j | T15: =COMPLEX(E15,F15, "j") -> 2.3+99j | U15: =COMPLEX(F15,G15, "j") -> 99-j | V15: =COMPLEX(G15,H15, "j") -> -1 | W15: =COMPLEX(H15,I15, "j") -> 3.6j | X15: =COMPLEX(I15,J15, "j") -> #VALUE! | Y15: =COMPLEX(J15,K15, "j") -> #VALUE! | ... AF15: =COMPLEX(Q15,R15, "j") -> #REF! | AG15: {=COMPLEX(C15:P15,D15:Q15, "j")} -> #VALUE! | AH15: {=COMPLEX(C15:P15,D15:Q15, "j")} -> #VALUE! | AI15: #VALUE! | AJ15: #VALUE! | AK15: #VALUE! | AL15: #VALUE! | AM15: #VALUE! | AN15: #VALUE! | AO15: #VALUE! | AP15: #VALUE! | AQ15: #VALUE! | AR15: #VALUE! | AS15: #VALUE! | AT15: #VALUE! | AU15: #VALUE! | AV15: #VALUE! | AW15: #VALUE!
A16: CONVERT | B16: DONE | C16: 13 | D16: 25 | E16: 2.3 | F16: 99 | G16: -1 | I16: 3.6 | J16: TRUE | K16: =#VALUE! -> #VALUE! | L16: #N/A | M16: #DIV/0! | N16: #NAME? | O16: #NULL! | P16: #NUM! | Q16: #REF! | R16: =CONVERT(C16,"C","F") -> 55.4 | S16: =CONVERT(D16,"C","F") -> 77 | T16: =CONVERT(E16,"C","F") -> 36.14 | U16: =CONVERT(F16,"C","F") -> 210.2 | V16: =CONVERT(G16,"C","F") -> 30.2 | W16: =CONVERT(H16,"C","F") -> 32 | X16: =CONVERT(I16,"C","F") -> 38.48 | Y16: =CONVERT(J16,"C","F") -> #VALUE! | ... AF16: =CONVERT(Q16,"C","F") -> #REF! | AG16: =CONVERT(C16:Q16,"C","F") -> #VALUE! | AH16: {=CONVERT(C16:Q16,"C","F")} -> #VALUE! | AI16: #VALUE! | AJ16: #VALUE! | AK16: #VALUE! | AL16: #VALUE! | AM16: #VALUE! | AN16: #VALUE! | AO16: #VALUE! | AP16: #VALUE! | AQ16: #VALUE! | AR16: #VALUE! | AS16: #VALUE! | AT16: #VALUE! | AU16: #VALUE! | AV16: #VALUE! | AW16: #VALUE!
A17: DEC2BIN | B17: DONE | C17: =D17+1 -> 512.7 | D17: 511.7 | E17: 100 | F17: =-D17-1 -> -512.7 | G17: =F17-1 -> -513.7 | I17: fffffffffe | J17: TRUE | K17: =#VALUE! -> #VALUE! | L17: #N/A | M17: #DIV/0! | N17: #NAME? | O17: #NULL! | P17: #NUM! | Q17: #REF! | R17: =DEC2BIN(C17) -> #NUM! | S17: =DEC2BIN(D17) -> 111111111 | T17: =DEC2BIN(E17,1) -> #NUM! | U17: =DEC2BIN(F17) -> 1000000000 | V17: =DEC2BIN(G17) -> #NUM! | W17: =DEC2BIN(H17,3) -> 000 | X17: =DEC2BIN(I17) -> #VALUE! | Y17: =DEC2BIN(J17) -> #VALUE! | Z17: =DEC2BIN(K17) -> #VALUE! | AA17: =DEC2BIN(L17) -> #N/A | AB17: =DEC2BIN(M17) -> #DIV/0! | AC17: =DEC2BIN(N17) -> #NAME? | AD17: =DEC2BIN(O17) -> #NULL! | AE17: =DEC2BIN(P17) -> #NUM! | AF17: =DEC2BIN(Q17) -> #REF!
A18: DEC2HEX | B18: DONE | C18: =D18+1 -> 5.4975581e+11 | D18: 5.4975581e+11 | E18: 100 | F18: =-D18-1 -> -5.4975581e+11 | G18: =F18-1 -> -5.4975581e+11 | I18: fffffffffe | J18: TRUE | K18: =#VALUE! -> #VALUE! | L18: #N/A | M18: #DIV/0! | N18: #NAME? | O18: #NULL! | P18: #NUM! | Q18: #REF! | R18: =DEC2HEX(C18) -> #NUM! | S18: =DEC2HEX(D18) -> 7FFFFFFFFF | T18: =DEC2HEX(E18,1) -> #NUM! | U18: =DEC2HEX(F18) -> 8000000000 | V18: =DEC2HEX(G18) -> #NUM! | W18: =DEC2HEX(H18,1) -> 0 | X18: =DEC2HEX(I18) -> #VALUE! | Y18: =DEC2HEX(J18) -> #VALUE! | Z18: =DEC2HEX(K18) -> #VALUE! | AA18: =DEC2HEX(L18) -> #N/A | AB18: =DEC2HEX(M18) -> #DIV/0! | AC18: =DEC2HEX(N18) -> #NAME? | AD18: =DEC2HEX(O18) -> #NULL! | AE18: =DEC2HEX(P18) -> #NUM! | AF18: =DEC2HEX(Q18) -> #REF!
A19: DEC2OCT | B19: DONE | C19: =D19+1 -> 5.3687091e+08 | D19: 5.3687091e+08 | E19: 100 | F19: =-D19-1 -> -5.3687091e+08 | G19: =F19-1 -> -5.3687091e+08 | I19: fffffffffe | J19: TRUE | K19: =#VALUE! -> #VALUE! | L19: #N/A | M19: #DIV/0! | N19: #NAME? | O19: #NULL! | P19: #NUM! | Q19: #REF! | R19: =DEC2OCT(C19) -> #NUM! | S19: =DEC2OCT(D19) -> 3777777777 | T19: =DEC2OCT(E19,1) -> #NUM! | U19: =DEC2OCT(F19) -> 4000000000 | V19: =DEC2OCT(G19) -> #NUM! | W19: =DEC2OCT(H19,0) -> #NUM! | X19: =DEC2OCT(I19) -> #VALUE! | Y19: =DEC2OCT(J19) -> #VALUE! | Z19: =DEC2OCT(K19) -> #VALUE! | AA19: =DEC2OCT(L19) -> #N/A | AB19: =DEC2OCT(M19) -> #DIV/0! | AC19: =DEC2OCT(N19) -> #NAME? | AD19: =DEC2OCT(O19) -> #NULL! | AE19: =DEC2OCT(P19) -> #NUM! | AF19: =DEC2OCT(Q19) -> #REF!
A20: DELTA | B20: DONE | C20: 13 | D20: 0 | E20: 2.3 | F20: 99 | G20: -1 | I20: 3.6 | J20: FALSE | K20: =#VALUE! -> #VALUE! | L20: #N/A | M20: #DIV/0! | N20: #NAME? | O20: #NULL! | P20: #NUM! | Q20: #REF! | R20: =DELTA(C20) -> 0 | S20: =DELTA(D20) -> 1 | T20: =DELTA(E20, "2.3") -> 1 | U20: =DELTA(F20) -> 0 | V20: =DELTA(G20) -> 0 | W20: =DELTA(H20) -> 1 | X20: =DELTA(I20) -> 0 | Y20: =DELTA(J20) -> #VALUE! | Z20: =DELTA(K20) -> #VALUE! | AA20: =DELTA(L20) -> #N/A | AB20: =DELTA(M20) -> #DIV/0! | ... AF20: =DELTA(Q20) -> #REF! | AG20: =DELTA(C20:I20) -> #VALUE! | AH20: {=DELTA(D20:G20)} -> #VALUE! | AI20: #VALUE! | AJ20: #VALUE! | AK20: #VALUE! | AL20: #VALUE! | AM20: #VALUE! | AN20: #VALUE! | AO20: #VALUE! | AP20: #VALUE! | AQ20: #VALUE! | AR20: #VALUE! | AS20: #VALUE! | AT20: #VALUE! | AU20: #VALUE! | AV20: #VALUE! | AW20: #VALUE!
A21: ERF | B21: DONE | C21: 0 | D21: 0.2 | E21: 2.3 | F21: 2 | G21: -0.002 | I21: -1.2 | J21: TRUE | K21: =#VALUE! -> #VALUE! | L21: #N/A | M21: #DIV/0! | N21: #NAME? | O21: #NULL! | P21: #NUM! | Q21: #REF! | R21: =ERF(C21,D21) -> 0.22270259 | S21: =ERF(D21,E21) -> 0.77615423 | T21: =ERF(E21,F21) -> -0.0035345584 | U21: =ERF(F21,G21) -> -0.99757902 | V21: =ERF(G21,H21) -> 0.0022567553 | W21: =ERF(H21,I21) -> -0.91031398 | X21: =ERF(I21,J21) -> #VALUE! | Y21: =ERF(J21,G21) -> #VALUE! | Z21: =ERF(K21,L21) -> #VALUE! | AA21: =ERF(L21,M21) -> #N/A | AB21: =ERF(M21,N21) -> #DIV/0! | AC21: =ERF(N21,O21) -> #NAME? | AD21: =ERF(O21,P21) -> #NULL! | AE21: =ERF(P21,Q21) -> #NUM! | AF21: =ERF(Q21,R21) -> #REF! | AG21: =ERF(C21:I21) -> #VALUE! | AH21: {=ERF(C21:I21)} -> #VALUE! | AI21: #VALUE! | AJ21: #VALUE! | AK21: #VALUE! | AL21: #VALUE! | AM21: #VALUE! | AN21: #VALUE! | AO21: #VALUE! | AP21: #VALUE! | AQ21: #VALUE! | AR21: #VALUE! | AS21: #VALUE! | AT21: #VALUE! | AU21: #VALUE! | AV21: #VALUE! | AW21: #VALUE!
A22: ERF.PRECISE | B22: DONE | C22: 0 | D22: 0.2 | E22: 2.3 | F22: 2 | G22: -0.002 | I22: 3.2 | J22: TRUE | K22: =#VALUE! -> #VALUE! | L22: #N/A | M22: #DIV/0! | N22: #NAME? | O22: #NULL! | P22: #NUM! | Q22: #REF! | R22: =_xlfn.ERF.PRECISE(C22) -> 0 | S22: =_xlfn.ERF.PRECISE(D22) -> 0.22270259 | T22: =_xlfn.ERF.PRECISE(E22) -> 0.99885682 | U22: =_xlfn.ERF.PRECISE(F22) -> 0.99532227 | V22: =_xlfn.ERF.PRECISE(G22) -> -0.0022567553 | W22: =_xlfn.ERF.PRECISE(H22) -> 0 | X22: =_xlfn.ERF.PRECISE(I22) -> 0.99999397 | Y22: =_xlfn.ERF.PRECISE(J22) -> #VALUE! | ... AF22: =_xlfn.ERF.PRECISE(Q22) -> #REF! | AG22: =_xlfn.ERF.PRECISE(C22:I22) -> #VALUE! | AH22: {=_xlfn.ERF.PRECISE(C22:I22)} -> #VALUE! | AI22: #VALUE! | AJ22: #VALUE! | AK22: #VALUE! | AL22: #VALUE! | AM22: #VALUE! | AN22: #VALUE! | AO22: #VALUE! | AP22: #VALUE! | AQ22: #VALUE! | AR22: #VALUE! | AS22: #VALUE! | AT22: #VALUE! | AU22: #VALUE! | AV22: #VALUE! | AW22: #VALUE!
A23: ERFC | B23: DONE | C23: 0 | D23: 0.2 | E23: 2.3 | F23: 2 | G23: -0.002 | I23: 3.2 | J23: TRUE | K23: =#VALUE! -> #VALUE! | L23: #N/A | M23: #DIV/0! | N23: #NAME? | O23: #NULL! | P23: #NUM! | Q23: #REF! | R23: =ERFC(C23) -> 1 | S23: =ERFC(D23) -> 0.77729741 | T23: =ERFC(E23) -> 0.0011431766 | U23: =ERFC(F23) -> 0.004677735 | V23: =ERFC(G23) -> 1.0022568 | W23: =ERFC(H23) -> 1 | X23: =ERFC(I23) -> 6.0257612e-06 | Y23: =ERFC(J23) -> #VALUE! | ... AF23: =ERFC(Q23) -> #REF! | AG23: =ERFC(C23:I23) -> #VALUE! | AH23: {=ERFC(C23:I23)} -> #VALUE! | AI23: #VALUE! | AJ23: #VALUE! | AK23: #VALUE! | AL23: #VALUE! | AM23: #VALUE! | AN23: #VALUE! | AO23: #VALUE! | AP23: #VALUE! | AQ23: #VALUE! | AR23: #VALUE! | AS23: #VALUE! | AT23: #VALUE! | AU23: #VALUE! | AV23: #VALUE! | AW23: #VALUE!
A24: ERFC.PRECISE | B24: DONE | C24: 0 | D24: 0.2 | E24: 2.3 | F24: 2 | G24: -0.002 | I24: 3.2 | J24: TRUE | K24: =#VALUE! -> #VALUE! | L24: #N/A | M24: #DIV/0! | N24: #NAME? | O24: #NULL! | P24: #NUM! | Q24: #REF! | R24: =_xlfn.ERFC.PRECISE(C24) -> 1 | S24: =_xlfn.ERFC.PRECISE(D24) -> 0.77729741 | T24: =_xlfn.ERFC.PRECISE(E24) -> 0.0011431766 | U24: =_xlfn.ERFC.PRECISE(F24) -> 0.004677735 | V24: =_xlfn.ERFC.PRECISE(G24) -> 1.0022568 | W24: =_xlfn.ERFC.PRECISE(H24) -> 1 | X24: =_xlfn.ERFC.PRECISE(I24) -> 6.0257612e-06 | Y24: =_xlfn.ERFC.PRECISE(J24) -> #VALUE! | ... AF24: =_xlfn.ERFC.PRECISE(Q24) -> #REF! | AG24: =_xlfn.ERFC.PRECISE(C24:I24) -> #VALUE! | AH24: {=_xlfn.ERFC.PRECISE(C24:I24)} -> #VALUE! | AI24: #VALUE! | AJ24: #VALUE! | AK24: #VALUE! | AL24: #VALUE! | AM24: #VALUE! | AN24: #VALUE! | AO24: #VALUE! | AP24: #VALUE! | AQ24: #VALUE! | AR24: #VALUE! | AS24: #VALUE! | AT24: #VALUE! | AU24: #VALUE! | AV24: #VALUE! | AW24: #VALUE!
A25: GESTEP | B25: DONE | C25: 13 | D25: 25 | E25: 2.3 | F25: 99 | G25: -1 | I25: 3.6 | J25: TRUE | K25: =#VALUE! -> #VALUE! | L25: #N/A | M25: #DIV/0! | N25: #NAME? | O25: #NULL! | P25: #NUM! | Q25: #REF! | R25: =GESTEP(C25) -> 1 | S25: =GESTEP(D25,"30.2") -> 0 | T25: =GESTEP(E25,"a") -> #VALUE! | U25: =GESTEP(F25) -> 1 | V25: =GESTEP(G25) -> 0 | W25: =GESTEP(H25) -> 1 | X25: =GESTEP(I25) -> 1 | Y25: =GESTEP(J25) -> #VALUE! | Z25: =GESTEP(K25) -> #VALUE! | AA25: =GESTEP(L25) -> #N/A | AB25: =GESTEP(M25) -> #DIV/0! | ... AF25: =GESTEP(Q25) -> #REF! | AG25: =GESTEP(C25:I25) -> #VALUE! | AH25: {=GESTEP(C25:I25)} -> #VALUE! | AI25: #VALUE! | AJ25: #VALUE! | AK25: #VALUE! | AL25: #VALUE! | AM25: #VALUE! | AN25: #VALUE! | AO25: #VALUE! | AP25: #VALUE! | AQ25: #VALUE! | AR25: #VALUE! | AS25: #VALUE! | AT25: #VALUE! | AU25: #VALUE! | AV25: #VALUE! | AW25: #VALUE!
A26: HEX2BIN | B26: DONE | C26: 0 | D26: 9999999999 | E26: 2.3 | F26: 11111111111 | G26: -1 | I26: fffffffffe | J26: TRUE | K26: =#VALUE! -> #VALUE! | L26: #N/A | M26: #DIV/0! | N26: #NAME? | O26: #NULL! | P26: #NUM! | Q26: #REF! | R26: =HEX2BIN(C26) -> 0 | S26: =HEX2BIN(D26) -> #NUM! | T26: =HEX2BIN(E26) -> #NUM! | U26: =HEX2BIN(F26) -> #NUM! | V26: =HEX2BIN(G26) -> #NUM! | W26: =HEX2BIN(H26) -> 0 | X26: =HEX2BIN(I26) -> 1111111110 | Y26: =HEX2BIN(J26) -> #VALUE! | ... AF26: =HEX2BIN(Q26) -> #REF! | AH26: {=HEX2BIN(C26:J26)} -> #VALUE! | AI26: #VALUE! | AJ26: #VALUE! | AK26: #VALUE! | AL26: #VALUE! | AM26: #VALUE! | AN26: #VALUE! | AO26: #VALUE!
A27: HEX2DEC | B27: DONE | C27: 0 | D27: 9999999999 | E27: 2.3 | F27: 11111111111 | G27: -1 | I27: f000000000 | J27: TRUE | K27: =#VALUE! -> #VALUE! | L27: #N/A | M27: #DIV/0! | N27: #NAME? | O27: #NULL! | P27: #NUM! | Q27: #REF! | R27: =HEX2DEC(C27) -> 0 | S27: =HEX2DEC(D27) -> -439804651111 | T27: =HEX2DEC(E27) -> #NUM! | U27: =HEX2DEC(F27) -> #NUM! | V27: =HEX2DEC(G27) -> #NUM! | W27: =HEX2DEC(H27) -> 0 | X27: =HEX2DEC(I27) -> -68719476736 | Y27: =HEX2DEC(J27) -> #VALUE! | ... AF27: =HEX2DEC(Q27) -> #REF! | AH27: {=HEX2DEC(C27:J27)} -> #VALUE! | AI27: #VALUE! | AJ27: #VALUE! | AK27: #VALUE! | AL27: #VALUE! | AM27: #VALUE! | AN27: #VALUE! | AO27: #VALUE!
A28: HEX2OCT | B28: DONE | C28: 0 | D28: 9999999999 | E28: 2.3 | F28: 11111111111 | G28: -1 | I28: fffffffffe | J28: TRUE | K28: =#VALUE! -> #VALUE! | L28: #N/A | M28: #DIV/0! | N28: #NAME? | O28: #NULL! | P28: #NUM! | Q28: #REF! | R28: =HEX2OCT(C28) -> 0 | S28: =HEX2OCT(D28) -> #NUM! | T28: =HEX2OCT(E28) -> #NUM! | U28: =HEX2OCT(F28) -> #NUM! | V28: =HEX2OCT(G28) -> #NUM! | W28: =HEX2OCT(H28) -> 0 | X28: =HEX2OCT(I28) -> 7777777776 | Y28: =HEX2OCT(J28) -> #VALUE! | ... AF28: =HEX2OCT(Q28) -> #REF! | AH28: {=HEX2OCT(C28:J28)} -> #VALUE! | AI28: #VALUE! | AJ28: #VALUE! | AK28: #VALUE! | AL28: #VALUE! | AM28: #VALUE! | AN28: #VALUE! | AO28: #VALUE!
A29: IMABS | B29: DONE | C29: 7+25j | D29: 13+5j | E29: 3.1+2j | F29: -3+2i | G29: -13+25j | I29: yvj | J29: TRUE | K29: =#VALUE! -> #VALUE! | L29: #N/A | M29: #DIV/0! | N29: #NAME? | O29: #NULL! | P29: #NUM! | Q29: #REF! | R29: =IMABS(C29) -> 25.96151 | S29: =IMABS(D29) -> 13.928388 | T29: =IMABS(E29) -> 3.6891733 | U29: =IMABS(F29) -> 3.6055513 | V29: =IMABS(G29) -> 28.178006 | W29: =IMABS(H29) -> 0 | X29: =IMABS(I29) -> #NUM! | Y29: =IMABS(J29) -> #VALUE! | ... AF29: =IMABS(Q29) -> #REF! | AG29: =IMABS(C29:D29) -> #VALUE! | AH29: {=IMABS(C29:Q29)} -> #VALUE! | AI29: #VALUE! | AJ29: #VALUE! | AK29: #VALUE! | AL29: #VALUE! | AM29: #VALUE! | AN29: #VALUE! | AO29: #VALUE! | AP29: #VALUE! | AQ29: #VALUE! | AR29: #VALUE! | AS29: #VALUE! | AT29: #VALUE! | AU29: #VALUE! | AV29: #VALUE! | AW29: #VALUE!
A30: IMAGINARY | B30: DONE | C30: 7+25j | D30: 13+5j | E30: 3.1+2j | F30: -3+2i | G30: -13+25j | I30: yvj | J30: TRUE | K30: =#VALUE! -> #VALUE! | L30: #N/A | M30: #DIV/0! | N30: #NAME? | O30: #NULL! | P30: #NUM! | Q30: #REF! | R30: =IMAGINARY(C30) -> 25 | S30: =IMAGINARY(D30) -> 5 | T30: =IMAGINARY(E30) -> 2 | U30: =IMAGINARY(F30) -> 2 | V30: =IMAGINARY(G30) -> 25 | W30: =IMAGINARY(H30) -> 0 | X30: =IMAGINARY(I30) -> #NUM! | Y30: =IMAGINARY(J30) -> #VALUE! | ... AF30: =IMAGINARY(Q30) -> #REF! | AG30: =IMAGINARY(C30:E30) -> #VALUE! | AH30: {=IMAGINARY(C30:E30)} -> #VALUE! | AI30: #VALUE! | AJ30: #VALUE! | AK30: #VALUE! | AL30: #VALUE! | AM30: #VALUE! | AN30: #VALUE! | AO30: #VALUE! | AP30: #VALUE! | AQ30: #VALUE! | AR30: #VALUE! | AS30: #VALUE! | AT30: #VALUE! | AU30: #VALUE! | AV30: #VALUE! | AW30: #VALUE!
A31: IMARGUMENT | B31: DONE | C31: 7+25j | D31: 13+5j | E31: 3.1+2j | F31: -3+2i | G31: -13+25j | I31: yvj | J31: TRUE | K31: =#VALUE! -> #VALUE! | L31: #N/A | M31: #DIV/0! | N31: #NAME? | O31: #NULL! | P31: #NUM! | Q31: #REF! | R31: =IMARGUMENT(C31) -> 1.2977876 | S31: =IMARGUMENT(D31) -> 0.36717383 | T31: =IMARGUMENT(E31) -> 0.57296614 | U31: =IMARGUMENT(F31) -> 2.5535901 | V31: =IMARGUMENT(G31) -> 2.0503156 | W31: =IMARGUMENT(H31) -> #DIV/0! | X31: =IMARGUMENT(I31) -> #NUM! | Y31: =IMARGUMENT(J31) -> #VALUE! | ... AF31: =IMARGUMENT(Q31) -> #REF! | AG31: =IMARGUMENT(C31:E31) -> #VALUE! | AH31: {=IMARGUMENT(C31:E31)} -> #VALUE! | AI31: #VALUE! | AJ31: #VALUE! | AK31: #VALUE! | AL31: #VALUE! | AM31: #VALUE! | AN31: #VALUE! | AO31: #VALUE! | AP31: #VALUE! | AQ31: #VALUE! | AR31: #VALUE! | AS31: #VALUE! | AT31: #VALUE! | AU31: #VALUE! | AV31: #VALUE! | AW31: #VALUE!
A32: IMCONJUGATE | B32: DONE | C32: 7+25j | D32: 13+5j | E32: 3.1+2j | F32: -3+2i | G32: -13+25j | I32: yvj | J32: TRUE | K32: =#VALUE! -> #VALUE! | L32: #N/A | M32: #DIV/0! | N32: #NAME? | O32: #NULL! | P32: #NUM! | Q32: #REF! | R32: =IMCONJUGATE(C32) -> 7-25j | S32: =IMCONJUGATE(D32) -> 13-5j | T32: =IMCONJUGATE(E32) -> 3.1-2j | U32: =IMCONJUGATE(F32) -> -3-2i | V32: =IMCONJUGATE(G32) -> -13-25j | W32: =IMCONJUGATE(H32) -> 0 | X32: =IMCONJUGATE(I32) -> #NUM! | Y32: =IMCONJUGATE(J32) -> #VALUE! | ... AF32: =IMCONJUGATE(Q32) -> #REF! | AG32: =IMCONJUGATE(C32:E32) -> #VALUE! | AH32: {=IMCONJUGATE(C32:E32)} -> #VALUE! | AI32: #VALUE! | AJ32: #VALUE! | AK32: #VALUE! | AL32: #VALUE! | AM32: #VALUE! | AN32: #VALUE! | AO32: #VALUE! | AP32: #VALUE! | AQ32: #VALUE! | AR32: #VALUE! | AS32: #VALUE! | AT32: #VALUE! | AU32: #VALUE! | AV32: #VALUE! | AW32: #VALUE!
A33: IMCOS | B33: DONE | C33: 7+25j | D33: 13+5j | E33: 3.1+2j | F33: -3+2i | G33: -13+25j | I33: yvj | J33: TRUE | K33: =#VALUE! -> #VALUE! | L33: #N/A | M33: #DIV/0! | N33: #NAME? | O33: #NULL! | P33: #NUM! | Q33: #REF! | R33: =IMCOS(C33) -> 27142327967.109-23653126953.379j | S33: =IMCOS(D33) -> 67.3415789404035-31.1777431114928j | T33: =IMCOS(E33) -> -3.75894195716833-0.150807258311353j | U33: =IMCOS(F33) -> -3.72454550491532+0.511822569987385i | V33: =IMCOS(G33) -> 32670307076.1781+15127042595.795j | W33: =IMCOS(H33) -> 1 | X33: =IMCOS(I33) -> #NUM! | Y33: =IMCOS(J33) -> #VALUE! | ... AF33: =IMCOS(Q33) -> #REF! | AG33: =IMCOS(C33:E33) -> #VALUE! | AH33: {=IMCOS(C33:E33)} -> #VALUE! | AI33: #VALUE! | AJ33: #VALUE! | AK33: #VALUE! | AL33: #VALUE! | AM33: #VALUE! | AN33: #VALUE! | AO33: #VALUE! | AP33: #VALUE! | AQ33: #VALUE! | AR33: #VALUE! | AS33: #VALUE! | AT33: #VALUE! | AU33: #VALUE! | AV33: #VALUE! | AW33: #VALUE!
A34: IMCOSH | B34: DONE | C34: 7+25j | D34: 13+5j | E34: 3.1+2j | F34: -3+2i | G34: -13+25j | I34: yvj | J34: TRUE | K34: =#VALUE! -> #VALUE! | L34: #N/A | M34: #DIV/0! | N34: #NAME? | O34: #NULL! | P34: #NUM! | Q34: #REF! | R34: =_xlfn.IMCOSH(C34) -> 543.493387038489-72.5705985220404j | S34: =_xlfn.IMCOSH(D34) -> 62747.9748280453-212120.470515623j | T34: =_xlfn.IMCOSH(E34) -> -4.62817714333229+10.0717884285999j | U34: =_xlfn.IMCOSH(F34) -> -4.18962569096881-9.10922789375534i | V34: =_xlfn.IMCOSH(G34) -> 219260.69908377+29277.0933493868j | W34: =_xlfn.IMCOSH(H34) -> 1 | X34: =_xlfn.IMCOSH(I34) -> #NUM! | Y34: =_xlfn.IMCOSH(J34) -> #VALUE! | ... AF34: =_xlfn.IMCOSH(Q34) -> #REF! | AG34: =_xlfn.IMCOSH(C34:E34) -> #VALUE! | AH34: {=_xlfn.IMCOSH(C34:E34)} -> #VALUE! | AI34: #VALUE! | AJ34: #VALUE! | AK34: #VALUE! | AL34: #VALUE! | AM34: #VALUE! | AN34: #VALUE! | AO34: #VALUE! | AP34: #VALUE! | AQ34: #VALUE! | AR34: #VALUE! | AS34: #VALUE! | AT34: #VALUE! | AU34: #VALUE! | AV34: #VALUE! | AW34: #VALUE!
A35: IMCOT | B35: DONE | C35: 7+25j | D35: 13+5j | E35: 3.1+2j | F35: -3+2i | G35: -13+25j | I35: yvj | J35: TRUE | K35: =#VALUE! -> #VALUE! | L35: #N/A | M35: #DIV/0! | N35: #NAME? | O35: #NULL! | P35: #NUM! | Q35: #REF! | R35: =_xlfn.IMCOT(C35) -> 3.82126757337684E-22-j | S35: =_xlfn.IMCOT(D35) -> 0.0000692442674613868-1.00005873951153j | T35: =_xlfn.IMCOT(E35) -> -0.00315788915435829-1.03717839601561j | U35: =_xlfn.IMCOT(F35) -> 0.0106047834703371-1.035746637765i | V35: =_xlfn.IMCOT(G35) -> -2.94156899085227E-22-j | W35: =_xlfn.IMCOT(H35) -> #NUM! | X35: =_xlfn.IMCOT(I35) -> #NUM! | Y35: =_xlfn.IMCOT(J35) -> #VALUE! | ... AF35: =_xlfn.IMCOT(Q35) -> #REF! | AG35: =_xlfn.IMCOT(C35:E35) -> #VALUE! | AH35: {=_xlfn.IMCOT(C35:E35)} -> #VALUE! | AI35: #VALUE! | AJ35: #VALUE! | AK35: #VALUE! | AL35: #VALUE! | AM35: #VALUE! | AN35: #VALUE! | AO35: #VALUE! | AP35: #VALUE! | AQ35: #VALUE! | AR35: #VALUE! | AS35: #VALUE! | AT35: #VALUE! | AU35: #VALUE! | AV35: #VALUE! | AW35: #VALUE!
A36: IMCSC | B36: DONE | C36: 7+25j | D36: 13+5j | E36: 3.1+2j | F36: -3+2i | G36: -13+25j | I36: yvj | J36: TRUE | K36: =#VALUE! -> #VALUE! | L36: #N/A | M36: #DIV/0! | N36: #NAME? | O36: #NULL! | P36: #NUM! | Q36: #REF! | R36: =_xlfn.IMCSC(C36) -> 1.82483860060804E-11-2.09403043759793E-11j | S36: =_xlfn.IMCSC(D36) -> 0.00566271612725774-0.0122288197535638j | T36: =_xlfn.IMCSC(E36) -> 0.0118908807944521+0.275445903842597j | U36: =_xlfn.IMCSC(F36) -> -0.0403005788568915+0.27254866146294i | V36: =_xlfn.IMCSC(G36) -> -1.16705124427133E-11-2.52051399224452E-11j | W36: =_xlfn.IMCSC(H36) -> #NUM! | X36: =_xlfn.IMCSC(I36) -> #NUM! | Y36: =_xlfn.IMCSC(J36) -> #VALUE! | ... AF36: =_xlfn.IMCSC(Q36) -> #REF! | AG36: =_xlfn.IMCSC(C36:E36) -> #VALUE! | AH36: {=_xlfn.IMCSC(C36:E36)} -> #VALUE! | AI36: #VALUE! | AJ36: #VALUE! | AK36: #VALUE! | AL36: #VALUE! | AM36: #VALUE! | AN36: #VALUE! | AO36: #VALUE! | AP36: #VALUE! | AQ36: #VALUE! | AR36: #VALUE! | AS36: #VALUE! | AT36: #VALUE! | AU36: #VALUE! | AV36: #VALUE! | AW36: #VALUE!
A37: IMCSCH | B37: DONE | C37: 7+25j | D37: 13+5j | E37: 3.1+2j | F37: -3+2i | G37: -13+25j | I37: yvj | J37: TRUE | K37: =#VALUE! -> #VALUE! | L37: #N/A | M37: #DIV/0! | N37: #NAME? | O37: #NULL! | P37: #NUM! | Q37: #REF! | R37: =_xlfn.IMCSCH(C37) -> 0.00180772133453839+0.000241378936123788j | S37: =_xlfn.IMCSCH(D37) -> 1.28233995888454E-06+4.33496947416312E-06j | T37: =_xlfn.IMCSCH(E37) -> -0.0373189117262454-0.0818749558100934j | U37: =_xlfn.IMCSCH(F37) -> 0.0412009862885741-0.0904732097532074i | V37: =_xlfn.IMCSCH(G37) -> -4.48088972789593E-06+5.98317105631764E-07j | W37: =_xlfn.IMCSCH(H37) -> #NUM! | X37: =_xlfn.IMCSCH(I37) -> #NUM! | Y37: =_xlfn.IMCSCH(J37) -> #VALUE! | ... AF37: =_xlfn.IMCSCH(Q37) -> #REF! | AG37: =_xlfn.IMCSCH(C37:E37) -> #VALUE! | AH37: {=_xlfn.IMCSCH(C37:E37)} -> #VALUE! | AI37: #VALUE! | AJ37: #VALUE! | AK37: #VALUE! | AL37: #VALUE! | AM37: #VALUE! | AN37: #VALUE! | AO37: #VALUE! | AP37: #VALUE! | AQ37: #VALUE! | AR37: #VALUE! | AS37: #VALUE! | AT37: #VALUE! | AU37: #VALUE! | AV37: #VALUE! | AW37: #VALUE!
A38: IMDIV | B38: DONE | C38: 7+25j | D38: 13+5j | E38: 3.1+2j | F38: -3+2i | G38: -13+25j | I38: yvj | J38: TRUE | K38: =#VALUE! -> #VALUE! | L38: #N/A | M38: #DIV/0! | N38: #NAME? | O38: #NULL! | P38: #NUM! | Q38: #REF! | R38: =IMDIV(C38,D38) -> 1.11340206185567+1.49484536082474j | S38: =IMDIV(D38,E38) -> 3.69581190301249-0.771491550330639j | T38: =IMDIV(E38,F38) -> #NUM! | U38: =IMDIV(F38,G38) -> #NUM! | V38: =IMDIV(G38,H38) -> #NUM! | W38: =IMDIV(H38,I38) -> #NUM! | X38: =IMDIV(I38,J38) -> #NUM! | Y38: =IMDIV(J38,K38) -> #VALUE! | ... AF38: =IMDIV(Q38,R38) -> #REF! | AG38: =IMDIV(C38:D38,C37:D37) -> #VALUE! | AH38: {=IMDIV(C38:D38,C37:D37)} -> #VALUE! | AI38: #VALUE! | AJ38: #VALUE! | AK38: #VALUE! | AL38: #VALUE! | AM38: #VALUE! | AN38: #VALUE! | AO38: #VALUE! | AP38: #VALUE! | AQ38: #VALUE! | AR38: #VALUE! | AS38: #VALUE! | AT38: #VALUE! | AU38: #VALUE! | AV38: #VALUE! | AW38: #VALUE!
A39: IMEXP | B39: DONE | C39: 7+25j | D39: 13+5j | E39: 3.1+2j | F39: -3+2i | G39: -13+25j | I39: yvj | J39: TRUE | K39: =#VALUE! -> #VALUE! | L39: #N/A | M39: #DIV/0! | N39: #NAME? | O39: #NULL! | P39: #NUM! | Q39: #REF! | R39: =IMEXP(C39) -> 1086.98587021701-145.141317733255j | S39: =IMEXP(D39) -> 125495.949655449-424240.941033413j | T39: =IMEXP(E39) -> -9.23760720359952+20.1845399810167j | U39: =IMEXP(F39) -> -0.0207187310022429+0.045271253156093i | V39: =IMEXP(G39) -> 2.24044486393732E-06-2.99158552811404E-07j | W39: =IMEXP(H39) -> 1 | X39: =IMEXP(I39) -> #NUM! | Y39: =IMEXP(J39) -> #VALUE! | ... AF39: =IMEXP(Q39) -> #REF! | AG39: =IMEXP(C39:E39) -> #VALUE! | AH39: {=IMEXP(C39:E39)} -> #VALUE! | AI39: #VALUE! | AJ39: #VALUE! | AK39: #VALUE! | AL39: #VALUE! | AM39: #VALUE! | AN39: #VALUE! | AO39: #VALUE! | AP39: #VALUE! | AQ39: #VALUE! | AR39: #VALUE! | AS39: #VALUE! | AT39: #VALUE! | AU39: #VALUE! | AV39: #VALUE! | AW39: #VALUE!
A40: IMLN | B40: DONE | C40: 7+25j | D40: 13+5j | E40: 3.1+2j | F40: -3+2i | G40: -13+25j | I40: yvj | J40: TRUE | K40: =#VALUE! -> #VALUE! | L40: #N/A | M40: #DIV/0! | N40: #NAME? | O40: #NULL! | P40: #NUM! | Q40: #REF! | R40: =IMLN(C40) -> 3.25661505545615+1.29778762370819j | S40: =IMLN(D40) -> 2.63392907953166+0.367173833818219j | T40: =IMLN(E40) -> 1.30540240833169+0.572966142888706j | U40: =IMLN(F40) -> 1.28247467873077+2.55359005004223i | V40: =IMLN(G40) -> 3.33854173062357+2.05031561878749j | W40: =IMLN(H40) -> #NUM! | X40: =IMLN(I40) -> #NUM! | Y40: =IMLN(J40) -> #VALUE! | ... AF40: =IMLN(Q40) -> #REF! | AG40: =IMLN(C40:E40) -> #VALUE! | AH40: {=IMLN(C40:E40)} -> #VALUE! | AI40: #VALUE! | AJ40: #VALUE! | AK40: #VALUE! | AL40: #VALUE! | AM40: #VALUE! | AN40: #VALUE! | AO40: #VALUE! | AP40: #VALUE! | AQ40: #VALUE! | AR40: #VALUE! | AS40: #VALUE! | AT40: #VALUE! | AU40: #VALUE! | AV40: #VALUE! | AW40: #VALUE!
A41: IMLOG10 | B41: DONE | C41: 7+25j | D41: 13+5j | E41: 3.1+2j | F41: -3+2i | G41: -13+25j | I41: yvj | J41: TRUE | K41: #VALUE! | L41: #N/A | M41: #DIV/0! | N41: #NAME? | O41: #NULL! | P41: #NUM! | Q41: #REF! | R41: =IMLOG10(C41) -> 1.41432994826766+0.563622003658799j | S41: =IMLOG10(D41) -> 1.14390086496511+0.159461569926514j | T41: =IMLOG10(E41) -> 0.566929062601667+0.248836034173955j | U41: =IMLOG10(F41) -> 0.556971676153418+1.10901006777639i | V41: =IMLOG10(G41) -> 1.44991025121355+0.890440759399459j | W41: =IMLOG10(H41) -> #NUM! | X41: =IMLOG10(I41) -> #NUM! | Y41: =IMLOG10(J41) -> #VALUE! | ... AF41: =IMLOG10(Q41) -> #REF! | AG41: =IMLOG10(C41:E41) -> #VALUE! | AH41: {=IMLOG10(C41:E41)} -> #VALUE! | AI41: #VALUE! | AJ41: #VALUE! | AK41: #VALUE! | AL41: #VALUE! | AM41: #VALUE! | AN41: #VALUE! | AO41: #VALUE! | AP41: #VALUE! | AQ41: #VALUE! | AR41: #VALUE! | AS41: #VALUE! | AT41: #VALUE! | AU41: #VALUE! | AV41: #VALUE! | AW41: #VALUE!
A42: IMLOG2 | B42: DONE | C42: 7+25j | D42: 13+5j | E42: 3.1+2j | F42: -3+2i | G42: -13+25j | I42: yvj | J42: TRUE | K42: #VALUE! | L42: #N/A | M42: #DIV/0! | N42: #NAME? | O42: #NULL! | P42: #NUM! | Q42: #REF! | R42: =IMLOG2(C42) -> 4.69830239059093+1.87231176885087j | S42: =IMLOG2(D42) -> 3.79995642109356+0.529719869193733j | T42: =IMLOG2(E42) -> 1.88329758086464+0.826615412942814j | U42: =IMLOG2(F42) -> 1.85021985907055+3.68405170165932i | V42: =IMLOG2(G42) -> 4.81649759857148+2.9579801754819j | W42: =IMLOG2(H42) -> #NUM! | X42: =IMLOG2(I42) -> #NUM! | Y42: =IMLOG2(J42) -> #VALUE! | ... AF42: =IMLOG2(Q42) -> #REF! | AG42: =IMLOG2(C42:E42) -> #VALUE! | AH42: {=IMLOG2(C42:E42)} -> #VALUE! | AI42: #VALUE! | AJ42: #VALUE! | AK42: #VALUE! | AL42: #VALUE! | AM42: #VALUE! | AN42: #VALUE! | AO42: #VALUE! | AP42: #VALUE! | AQ42: #VALUE! | AR42: #VALUE! | AS42: #VALUE! | AT42: #VALUE! | AU42: #VALUE! | AV42: #VALUE! | AW42: #VALUE!
A43: IMPOWER | B43: DONE | C43: 7+25j | D43: 13+5j | E43: 3.1+2j | F43: -3+2i | G43: -13+25j | I43: yvj | J43: TRUE | K43: #VALUE! | L43: #N/A | M43: #DIV/0! | N43: #NAME? | O43: #NULL! | P43: #NUM! | Q43: #REF! | R43: =IMPOWER(C43,2.3) -> -1768.5045629583+279.381198142491j | S43: =IMPOWER(D43,2.3) -> 283.928474828384+319.642085799475j | T43: =IMPOWER(E43,2.3) -> 5.03930876927936+19.4934855764421j | U43: =IMPOWER(F43,2.3) -> 17.5176143915122-7.61220636461807i | V43: =IMPOWER(G43,2.3) -> 7.21342528017647-2161.67878229695j | W43: =IMPOWER(H43,2.3) -> 0 | X43: =IMPOWER(I43,2.3) -> #NUM! | Y43: =IMPOWER(J43,2.3) -> #VALUE! | ... AF43: =IMPOWER(Q43,2.3) -> #REF! | AG43: =IMPOWER(C43:E43,2.3) -> #VALUE! | AH43: {=IMPOWER(C43:E43,2.3)} -> #VALUE! | AI43: #VALUE! | AJ43: #VALUE! | AK43: #VALUE! | AL43: #VALUE! | AM43: #VALUE! | AN43: #VALUE! | AO43: #VALUE! | AP43: #VALUE! | AQ43: #VALUE! | AR43: #VALUE! | AS43: #VALUE! | AT43: #VALUE! | AU43: #VALUE! | AV43: #VALUE! | AW43: #VALUE!
A44: IMPRODUCT | B44: DONE | C44: 7+25j | D44: 13+5j | E44: 3.1+2j | F44: -3+2i | G44: -13+25j | I44: yvj | J44: TRUE | K44: #VALUE! | L44: #N/A | M44: #DIV/0! | N44: #NAME? | O44: #NULL! | P44: #NUM! | Q44: #REF! | R44: =IMPRODUCT(C44, D44,E44) -> -825.4+1048j | S44: =IMPRODUCT( E44,D44) -> 30.3+41.5j | T44: =IMPRODUCT( F44,E44) -> #VALUE! | U44: =IMPRODUCT( G44,F44) -> #VALUE! | V44: =IMPRODUCT( H44,G44) -> 0 | W44: =IMPRODUCT( I44,H44) -> #NUM! | X44: =IMPRODUCT( J44,I44) -> #VALUE! | Y44: =IMPRODUCT( K44,J44) -> #VALUE! | Z44: =IMPRODUCT( L44,K44) -> #N/A | ... AF44: =IMPRODUCT( R44,Q44) -> #REF! | AG44: =IMPRODUCT( C44:E44) -> -825.4+1048j | AH44: {=IMPRODUCT( C44:E44)} -> -825.4+1048j | AI44: -825.4+1048j | AJ44: -825.4+1048j | AK44: -825.4+1048j | AL44: -825.4+1048j | AM44: -825.4+1048j | AN44: -825.4+1048j | AO44: -825.4+1048j | AP44: -825.4+1048j | AQ44: -825.4+1048j | AR44: -825.4+1048j | AS44: -825.4+1048j | AT44: -825.4+1048j | AU44: -825.4+1048j | AV44: -825.4+1048j | AW44: -825.4+1048j
A45: IMREAL | B45: DONE | C45: 7+25j | D45: 13+5j | E45: 3.1+2j | F45: -3+2i | G45: -13+25j | I45: yvj | J45: TRUE | K45: #VALUE! | L45: #N/A | M45: #DIV/0! | N45: #NAME? | O45: #NULL! | P45: #NUM! | Q45: #REF! | R45: =IMREAL(C45) -> 7 | S45: =IMREAL(D45) -> 13 | T45: =IMREAL(E45) -> 3.1 | U45: =IMREAL(F45) -> -3 | V45: =IMREAL(G45) -> -13 | W45: =IMREAL(H45) -> 0 | X45: =IMREAL(I45) -> #NUM! | Y45: =IMREAL(J45) -> #VALUE! | ... AF45: =IMREAL(Q45) -> #REF! | AG45: =IMREAL(C45:E45) -> #VALUE! | AH45: {=IMREAL(C45:E45)} -> #VALUE! | AI45: #VALUE! | AJ45: #VALUE! | AK45: #VALUE! | AL45: #VALUE! | AM45: #VALUE! | AN45: #VALUE! | AO45: #VALUE! | AP45: #VALUE! | AQ45: #VALUE! | AR45: #VALUE! | AS45: #VALUE! | AT45: #VALUE! | AU45: #VALUE! | AV45: #VALUE! | AW45: #VALUE!
A46: IMSEC | B46: DONE | C46: 7+25j | D46: 13+5j | E46: 3.1+2j | F46: -3+2i | G46: -13+25j | I46: yvj | J46: TRUE | K46: #VALUE! | L46: #N/A | M46: #DIV/0! | N46: #NAME? | O46: #NULL! | P46: #NUM! | Q46: #REF! | R46: =_xlfn.IMSEC(C46) -> 2.09403043759793E-11+1.82483860060804E-11j | S46: =_xlfn.IMSEC(D46) -> 0.0122284934867993+0.00566153681827686j | T46: =_xlfn.IMSEC(E46) -> -0.26560479396574+0.0106559588386141j | U46: =_xlfn.IMSEC(F46) -> -0.263512975158389-0.0362116365587685i | V46: =_xlfn.IMSEC(G46) -> 2.52051399224452E-11-1.16705124427133E-11j | W46: =_xlfn.IMSEC(H46) -> 1 | X46: =_xlfn.IMSEC(I46) -> #NUM! | Y46: =_xlfn.IMSEC(J46) -> #VALUE! | ... AF46: =_xlfn.IMSEC(Q46) -> #REF! | AG46: =_xlfn.IMSEC(C46:E46) -> #VALUE! | AH46: {=_xlfn.IMSEC(C46:E46)} -> #VALUE! | AI46: #VALUE! | AJ46: #VALUE! | AK46: #VALUE! | AL46: #VALUE! | AM46: #VALUE! | AN46: #VALUE! | AO46: #VALUE! | AP46: #VALUE! | AQ46: #VALUE! | AR46: #VALUE! | AS46: #VALUE! | AT46: #VALUE! | AU46: #VALUE! | AV46: #VALUE! | AW46: #VALUE!
A47: IMSECH | B47: DONE | C47: 7+25j | D47: 13+5j | E47: 3.1+2j | F47: -3+2i | G47: -13+25j | I47: yvj | J47: TRUE | K47: #VALUE! | L47: #N/A | M47: #DIV/0! | N47: #NAME? | O47: #NULL! | P47: #NUM! | Q47: #REF! | R47: =_xlfn.IMSECH(C47) -> 0.00180771853884451+0.000241377759972715j | S47: =_xlfn.IMSECH(D47) -> 1.28233995891963E-06+4.33496947419316E-06j | T47: =_xlfn.IMSECH(E47) -> -0.0376700432543674-0.0819771357068288j | U47: =_xlfn.IMSECH(F47) -> -0.0416749644111443+0.0906111371962376i | V47: =_xlfn.IMSECH(G47) -> 4.48088972785335E-06-5.98317105613852E-07j | W47: =_xlfn.IMSECH(H47) -> 1 | X47: =_xlfn.IMSECH(I47) -> #NUM! | Y47: =_xlfn.IMSECH(J47) -> #VALUE! | ... AF47: =_xlfn.IMSECH(Q47) -> #REF! | AG47: =_xlfn.IMSECH(C47:E47) -> #VALUE! | AH47: {=_xlfn.IMSECH(C47:E47)} -> #VALUE! | AI47: #VALUE! | AJ47: #VALUE! | AK47: #VALUE! | AL47: #VALUE! | AM47: #VALUE! | AN47: #VALUE! | AO47: #VALUE! | AP47: #VALUE! | AQ47: #VALUE! | AR47: #VALUE! | AS47: #VALUE! | AT47: #VALUE! | AU47: #VALUE! | AV47: #VALUE! | AW47: #VALUE!
A48: IMSIN | B48: DONE | C48: 7+25j | D48: 13+5j | E48: 3.1+2j | F48: -3+2i | G48: -13+25j | I48: yvj | J48: TRUE | K48: #VALUE! | L48: #N/A | M48: #DIV/0! | N48: #NAME? | O48: #NULL! | P48: #NUM! | Q48: #REF! | R48: =IMSIN(C48) -> 23653126953.379+27142327967.109j | S48: =IMSIN(D48) -> 31.1805741747177+67.3354646120856j | T48: =IMSIN(E48) -> 0.156434589038929-3.62372371861444j | U48: =IMSIN(F48) -> -0.53092108624852-3.59056458998578i | V48: =IMSIN(G48) -> -15127042595.795+32670307076.1781j | W48: =IMSIN(H48) -> 0 | X48: =IMSIN(I48) -> #NUM! | Y48: =IMSIN(J48) -> #VALUE! | ... AF48: =IMSIN(Q48) -> #REF! | AG48: =IMSIN(C48:E48) -> #VALUE! | AH48: {=IMSIN(C48:E48)} -> #VALUE! | AI48: #VALUE! | AJ48: #VALUE! | AK48: #VALUE! | AL48: #VALUE! | AM48: #VALUE! | AN48: #VALUE! | AO48: #VALUE! | AP48: #VALUE! | AQ48: #VALUE! | AR48: #VALUE! | AS48: #VALUE! | AT48: #VALUE! | AU48: #VALUE! | AV48: #VALUE! | AW48: #VALUE!
A49: IMSINH | B49: DONE | C49: 7+25j | D49: 13+5j | E49: 3.1+2j | F49: -3+2i | G49: -13+25j | I49: yvj | J49: TRUE | K49: #VALUE! | L49: #N/A | M49: #DIV/0! | N49: #NAME? | O49: #NULL! | P49: #NUM! | Q49: #REF! | R49: =_xlfn.IMSINH(C49) -> 543.492483178521-72.5707192112145j | S49: =_xlfn.IMSINH(D49) -> 62747.9748274041-212120.47051779j | T49: =_xlfn.IMSINH(E49) -> -4.60943006026724+10.1127515524169j | U49: =_xlfn.IMSINH(F49) -> 4.16890695996656+9.15449914691143i | V49: =_xlfn.IMSINH(G49) -> -219260.699081529-29277.093349686j | W49: =_xlfn.IMSINH(H49) -> 0 | X49: =_xlfn.IMSINH(I49) -> #NUM! | Y49: =_xlfn.IMSINH(J49) -> #VALUE! | ... AF49: =_xlfn.IMSINH(Q49) -> #REF! | AG49: =_xlfn.IMSINH(C49:E49) -> #VALUE! | AH49: {=_xlfn.IMSINH(C49:E49)} -> #VALUE! | AI49: #VALUE! | AJ49: #VALUE! | AK49: #VALUE! | AL49: #VALUE! | AM49: #VALUE! | AN49: #VALUE! | AO49: #VALUE! | AP49: #VALUE! | AQ49: #VALUE! | AR49: #VALUE! | AS49: #VALUE! | AT49: #VALUE! | AU49: #VALUE! | AV49: #VALUE! | AW49: #VALUE!
A50: IMSQRT | B50: DONE | C50: 7+25j | D50: 13+5j | E50: 3.1+2j | F50: -3+2i | G50: -13+25j | I50: yvj | J50: TRUE | K50: #VALUE! | L50: #N/A | M50: #DIV/0! | N50: #NAME? | O50: #NULL! | P50: #NUM! | Q50: #REF! | R50: =IMSQRT(C50) -> 4.05964961366707+3.07908346521285j | S50: =IMSQRT(D50) -> 3.66935881845753+0.681317942367629j | T50: =IMSQRT(E50) -> 1.84244041275957+0.542758394287616j | U50: =IMSQRT(F50) -> 0.550250522700337+1.81735402102397i | V50: =IMSQRT(G50) -> 2.75481447716636+4.53751063950327j | W50: =IMSQRT(H50) -> 0 | X50: =IMSQRT(I50) -> #NUM! | Y50: =IMSQRT(J50) -> #VALUE! | ... AF50: =IMSQRT(Q50) -> #REF! | AG50: =IMSQRT(C50:E50) -> #VALUE! | AH50: {=IMSQRT(C50:E50)} -> #VALUE! | AI50: #VALUE! | AJ50: #VALUE! | AK50: #VALUE! | AL50: #VALUE! | AM50: #VALUE! | AN50: #VALUE! | AO50: #VALUE! | AP50: #VALUE! | AQ50: #VALUE! | AR50: #VALUE! | AS50: #VALUE! | AT50: #VALUE! | AU50: #VALUE! | AV50: #VALUE! | AW50: #VALUE!
A51: IMSUB | B51: DONE | C51: 7+25j | D51: 13+5j | E51: 3.1+2j | F51: -3+2i | G51: -13+25j | I51: yvj | J51: TRUE | K51: #VALUE! | L51: #N/A | M51: #DIV/0! | N51: #NAME? | O51: #NULL! | P51: #NUM! | Q51: #REF! | R51: =IMSUB(C51,D51) -> -6+20j | S51: =IMSUB(D51,E51) -> 9.9+3j | T51: =IMSUB(E51,F51) -> #NUM! | U51: =IMSUB(F51,G51) -> #NUM! | V51: =IMSUB(G51,H51) -> -13+25j | W51: =IMSUB(H51,I51) -> #NUM! | X51: =IMSUB(I51,J51) -> #NUM! | Y51: =IMSUB(J51,K51) -> #VALUE! | ... AF51: =IMSUB(Q51,R51) -> #REF! | AG51: =IMSUB(C51:E51,C50:E50) -> #VALUE! | AH51: {=IMSUB(C51:E51,C50:E50)} -> #VALUE! | AI51: #VALUE! | AJ51: #VALUE! | AK51: #VALUE! | AL51: #VALUE! | AM51: #VALUE! | AN51: #VALUE! | AO51: #VALUE! | AP51: #VALUE! | AQ51: #VALUE! | AR51: #VALUE! | AS51: #VALUE! | AT51: #VALUE! | AU51: #VALUE! | AV51: #VALUE! | AW51: #VALUE!
A52: IMSUM | B52: DONE | C52: 7+25j | D52: 13+5j | E52: 3.1+2j | F52: -3+2i | G52: -13+25j | I52: yvj | J52: TRUE | K52: #VALUE! | L52: #N/A | M52: #DIV/0! | N52: #NAME? | O52: #NULL! | P52: #NUM! | Q52: #REF! | R52: =IMSUM(C52:D52,E52) -> 23.1+32j | S52: =IMSUM(D52:E52,F52) -> #VALUE! | T52: =IMSUM(E52:F52,G52) -> #VALUE! | U52: =IMSUM(F52:G52,H52) -> #VALUE! | V52: =IMSUM(G52:H52,I52) -> #NUM! | W52: =IMSUM(H52:I52,J52) -> #NUM! | X52: =IMSUM(I52:J52,K52) -> #NUM! | Y52: =IMSUM(J52:K52,L52) -> #VALUE! | ... AF52: =IMSUM(Q52:R52,S52) -> #REF! | AG52: =IMSUM(C52:E52) -> 23.1+32j | AH52: {=IMSUM(C52:E52)} -> 23.1+32j | AI52: 23.1+32j | AJ52: 23.1+32j | AK52: 23.1+32j | AL52: 23.1+32j | AM52: 23.1+32j | AN52: 23.1+32j | AO52: 23.1+32j | AP52: 23.1+32j | AQ52: 23.1+32j | AR52: 23.1+32j | AS52: 23.1+32j | AT52: 23.1+32j | AU52: 23.1+32j | AV52: 23.1+32j | AW52: 23.1+32j
A53: IMTAN | B53: DONE | C53: 7+25j | D53: 13+5j | E53: 3.1+2j | F53: -3+2i | G53: -13+25j | I53: yvj | J53: TRUE | K53: #VALUE! | L53: #N/A | M53: #DIV/0! | N53: #NAME? | O53: #NULL! | P53: #NUM! | Q53: #REF! | R53: =_xlfn.IMTAN(C53) -> 3.82126757337684E-22+j | S53: =_xlfn.IMTAN(D53) -> 0.0000692361330972509+0.999941259144671j | T53: =_xlfn.IMTAN(E53) -> -0.00293552600273488+0.964145352213088j | U53: =_xlfn.IMTAN(F53) -> 0.00988437503832249+0.965385879022133i | V53: =_xlfn.IMTAN(G53) -> -2.94156899085227E-22+j | W53: =_xlfn.IMTAN(H53) -> 0 | X53: =_xlfn.IMTAN(I53) -> #NUM! | Y53: =_xlfn.IMTAN(J53) -> #VALUE! | ... AF53: =_xlfn.IMTAN(Q53) -> #REF! | AG53: =_xlfn.IMTAN(C53:E53) -> #VALUE! | AH53: {=_xlfn.IMTAN(C53:E53)} -> #VALUE! | AI53: #VALUE! | AJ53: #VALUE! | AK53: #VALUE! | AL53: #VALUE! | AM53: #VALUE! | AN53: #VALUE! | AO53: #VALUE! | AP53: #VALUE! | AQ53: #VALUE! | AR53: #VALUE! | AS53: #VALUE! | AT53: #VALUE! | AU53: #VALUE! | AV53: #VALUE! | AW53: #VALUE!
A54: OCT2BIN | B54: DONE | C54: 0 | D54: 7777777777 | E54: 2.3 | F54: 11111111111 | G54: -1 | I54: a | J54: TRUE | K54: =#VALUE! -> #VALUE! | L54: #N/A | M54: #DIV/0! | N54: #NAME? | O54: #NULL! | P54: #NUM! | Q54: #REF! | R54: =OCT2BIN(C54) -> 0 | S54: =OCT2BIN(D54) -> 1111111111 | T54: =OCT2BIN(E54) -> #NUM! | U54: =OCT2BIN(F54) -> #NUM! | V54: =OCT2BIN(G54) -> #NUM! | W54: =OCT2BIN(H54) -> 0 | X54: =OCT2BIN(I54) -> #NUM! | Y54: =OCT2BIN(J54) -> #VALUE! | ... AF54: =OCT2BIN(Q54) -> #REF!
A55: OCT2DEC | B55: DONE | C55: 0 | D55: 7777777777 | E55: 2.3 | F55: 11111111111 | G55: -1 | I55: a | J55: TRUE | K55: =#VALUE! -> #VALUE! | L55: #N/A | M55: #DIV/0! | N55: #NAME? | O55: #NULL! | P55: #NUM! | Q55: #REF! | R55: =OCT2DEC(C55) -> 0 | S55: =OCT2DEC(D55) -> -1 | T55: =OCT2DEC(E55) -> #NUM! | U55: =OCT2DEC(F55) -> #NUM! | V55: =OCT2DEC(G55) -> #NUM! | W55: =OCT2DEC(H55) -> 0 | X55: =OCT2DEC(I55) -> #NUM! | Y55: =OCT2DEC(J55) -> #VALUE! | ... AF55: =OCT2DEC(Q55) -> #REF!
A56: OCT2HEX | B56: DONE | C56: 0 | D56: 7777777777 | E56: 2.3 | F56: 11111111111 | G56: -1 | I56: a | J56: TRUE | K56: =#VALUE! -> #VALUE! | L56: #N/A | M56: #DIV/0! | N56: #NAME? | O56: #NULL! | P56: #NUM! | Q56: #REF! | R56: =OCT2HEX(C56) -> 0 | S56: =OCT2HEX(D56) -> FFFFFFFFFF | T56: =OCT2HEX(E56) -> #NUM! | U56: =OCT2HEX(F56) -> #NUM! | V56: =OCT2HEX(G56) -> #NUM! | W56: =OCT2HEX(H56) -> 0 | X56: =OCT2HEX(I56) -> #NUM! | Y56: =OCT2HEX(J56) -> #VALUE! | ... AF56: =OCT2HEX(Q56) -> #REF!

Sheet FINANCIAL
A1: COVERAGE | B1: =COUNTIF(B3:B246,"=DONE")/COUNTA(A3:A246) -> 1 | C1: INPUTS | R1: EVAL
A2: FUNCTION | B2: STATUS | C2: NUMERIC | H2: EMPTY | I2: STRING | J2: BOOL | K2: ERROR | R2: NUMERIC | W2: EMPTY | X2: STRING | Y2: BOOL | Z2: ERROR | AG2: ARRAY -> VALUE | AH2: ARRAY -> ARRAY
A3: ACCRINT | B3: DONE | C3: 3.2 | D3: 6 | E3: 7 | F3: 4 | G3: 9 | I3: ciao | J3: TRUE | K3: #N/A | L3: =#VALUE! -> #VALUE! | M3: #DIV/0! | N3: #NAME? | O3: #NULL! | P3: #NUM! | Q3: #REF! | R3: {=ACCRINT("15/1/2005","2007-1-1","15/4/2009",1,1,4,{0,4})} -> 4.25 | S3: 4.25 | T3: {=ACCRINT(DATE(2000,2,14),DATE(2005,4,15),DATE(2009,7,27),1,1,4,{0,4},0)} -> 4.7027778 | U3: 4.7027778 | V3: =ACCRINT("13/10/1999","15/4/2005","27/7/2009",1,1,4,0,0) -> 4.5388889 | W3: =ACCRINTM("15/1/2005","15/4/2009",H3,3,2) -> #NUM! | X3: =ACCRINTM("15/1/2005","15/4/2009",I3,3,2) -> #VALUE! | Y3: =ACCRINTM("15/1/2005","15/4/2009",J3,3,2) -> #VALUE! | Z3: =ACCRINTM("15/1/2005","15/4/2009",K3,3,2) -> #N/A | AA3: =ACCRINTM("15/1/2005","15/4/2009",L3,3,2) -> #VALUE! | AB3: =ACCRINTM("15/1/2005","15/4/2009",M3,3,2) -> #DIV/0! | AC3: =ACCRINTM("15/1/2005","15/4/2009",N3,3,2) -> #NAME? | AD3: =ACCRINTM("15/1/2005","15/4/2009",O3,3,2) -> #NULL! | ... AF3: =ACCRINTM("15/1/2005","15/4/2009",Q3,3,2) -> #REF! | AG3: {=ACCRINT("15/1/2005",C3,"15/4/2009",1,1,4,{0,4})} -> 4.25 | AH3: {=ACCRINT("15/1/2005","2007-1-1","15/4/2009",1,{1,2,3},{1,4,2},0)} -> 4.25 | AI3: 8.5 | AJ3: 12.75
A4: ACCRINTM | B4: DONE | C4: 3.2 | D4: 6 | E4: 7 | F4: 4 | G4: 9 | I4: ciao | J4: TRUE | K4: #N/A | L4: =#VALUE! -> #VALUE! | M4: #DIV/0! | N4: #NAME? | O4: #NULL! | P4: #NUM! | Q4: #REF! | R4: {=ACCRINTM("15/1/2005","15/4/2009",C4,3.2,{0,1,2,3,4})} -> 43.52 | S4: 43.489157 | T4: 44.117333 | U4: 43.512986 | V4: 43.52 | W4: =ACCRINTM("15/1/2005","15/4/2009",H4,3,2) -> #NUM! | X4: =ACCRINTM("15/1/2005","15/4/2009",I4,3,2) -> #VALUE! | Y4: =ACCRINTM("15/1/2005","15/4/2009",J4,3,2) -> #VALUE! | Z4: =ACCRINTM("15/1/2005","15/4/2009",K4,3,2) -> #N/A | AA4: =ACCRINTM("15/1/2005","15/4/2009",L4,3,2) -> #VALUE! | AB4: =ACCRINTM("15/1/2005","15/4/2009",M4,3,2) -> #DIV/0! | AC4: =ACCRINTM("15/1/2005","15/4/2009",N4,3,2) -> #NAME? | AD4: =ACCRINTM("15/1/2005","15/4/2009",O4,3,2) -> #NULL! | ... AF4: =ACCRINTM("15/1/2005","15/4/2009",Q4,3,2) -> #REF!
A5: AMORDEGRC | B5: DONE | C5: -1 | D5: 6 | E5: 7 | F5: 4 | G5: 9 | I5: ciao | J5: TRUE | K5: #N/A | L5: =#VALUE! -> #VALUE! | M5: #DIV/0! | N5: #NAME? | O5: #NULL! | P5: #NUM! | Q5: #REF! | R5: =AMORDEGRC(100, "15/1/2005","15/4/2009",C5,1,0.2,0) -> #NUM! | S5: =AMORDEGRC(100, "15/1/2005","15/4/2009",D5,0,0.2,0) -> 94 | T5: =AMORDEGRC(100, "2005-1-11","15/4/2009",E5,1,0.2,0) -> 3 | U5: =AMORDEGRC(100, "15/1/2005","15/4/2009",F5,1,0.2,0) -> 2 | V5: =AMORDEGRC(100, "15/1/2005","15/4/2009",G5,1,0.2,0) -> 4 | W5: =AMORDEGRC(100, "15/1/2005","15/4/2009",H5,1,0.2,0) -> 0 | X5: =AMORDEGRC(100, "15/1/2005","15/4/2009",I5,1,0.2,0) -> #VALUE! | Y5: =AMORDEGRC(100, "15/1/2005","15/4/2009",J5,1,0.2,0) -> #VALUE! | Z5: =AMORDEGRC(100, "15/1/2005","15/4/2009",K5,1,0.2,0) -> #N/A | AA5: =AMORDEGRC(100, "15/1/2005","15/4/2009",L5,1,0.2,0) -> #VALUE! | AB5: =AMORDEGRC(100, "15/1/2005","15/4/2009",M5,1,0.2,0) -> #DIV/0! | ... AF5: =AMORDEGRC(100, "15/1/2005","15/4/2009",Q5,1,0.2,0) -> #REF! | AG5: {=AMORDEGRC(100, "2005-1-11", "15/4/2009",12,{0,1,2.1,3.3},0.2,0)} -> 88 | AH5: {=AMORDEGRC(100, "15/1/2005","15/4/2009",12,{0,1,2.1,3.3},0.2,0)} -> 88 | AI5: 5 | AJ5: 0 | AK5: 0 | AL5: #N/A | AM5: #N/A | AN5: #N/A | AO5: #N/A | AP5: #N/A | AQ5: #N/A | AR5: #N/A | AS5: #N/A | AT5: #N/A | AU5: #N/A | AV5: #N/A | AW5: #N/A
A6: AMORLINC | B6: DONE | C6: -1 | D6: 6 | E6: 7 | F6: 4 | G6: 9 | I6: ciao | J6: TRUE | K6: #N/A | L6: =#VALUE! -> #VALUE! | M6: #DIV/0! | N6: #NAME? | O6: #NULL! | P6: #NUM! | Q6: #REF! | R6: =AMORLINC(100, "15/1/2005","15/4/2009",C6,1,0.2,0) -> #NUM! | S6: =AMORLINC(100, "15/1/2005","15/4/2009",D6,1,0.2,0) -> 9 | T6: =AMORLINC(100, "2005-1-11","15/4/2009",E6,1,0.2,0) -> 7.7777778 | U6: =AMORLINC(100, "15/1/2005","15/4/2009",F6,1,0.2,0) -> 11 | V6: =AMORLINC(100, "15/1/2005","15/4/2009",G6,1,0.2,0) -> 6 | W6: =AMORLINC(100, "15/1/2005","15/4/2009",H6,1,0.2,0) -> 15 | X6: =AMORLINC(100, "15/1/2005","15/4/2009",I6,1,0.2,0) -> #VALUE! | Y6: =AMORLINC(100, "15/1/2005","15/4/2009",J6,1,0.2,0) -> #VALUE! | Z6: =AMORLINC(100, "15/1/2005","15/4/2009",K6,1,0.2,0) -> #N/A | AA6: =AMORLINC(100, "15/1/2005","15/4/2009",L6,1,0.2,0) -> #VALUE! | AB6: =AMORLINC(100, "15/1/2005","15/4/2009",M6,1,0.2,0) -> #DIV/0! | ... AF6: =AMORLINC(100, "15/1/2005","15/4/2009",Q6,1,0.2,0) -> #REF! | AG6: {=AMORLINC(100, "2005-1-11", "15/4/2009",12,{0,1,2.1,3.3},0.2,0)} -> 85.222222 | AH6: {=AMORLINC(100, "15/1/2005","15/4/2009",12,{0,1,2.1,3.3},0.2,0)} -> 85 | AI6: 3 | AJ6: 0 | AK6: 0 | AL6: #N/A | AM6: #N/A | AN6: #N/A | AO6: #N/A | AP6: #N/A | AQ6: #N/A | AR6: #N/A | AS6: #N/A | AT6: #N/A | AU6: #N/A | AV6: #N/A | AW6: #N/A
A7: COUPDAYBS | B7: DONE | C7: 3.2 | D7: 6 | E7: 7 | F7: 4 | G7: 9 | I7: 26/8/1989 | J7: TRUE | K7: #N/A | L7: =#VALUE! -> #VALUE! | M7: #DIV/0! | N7: #NAME? | O7: #NULL! | P7: #NUM! | Q7: #REF! | R7: =COUPDAYBS(C7,"31/12/2050",1,1) -> 3 | S7: =COUPDAYBS(D7,"31/12/2050",1,2) -> 6 | T7: =COUPDAYBS(E7,"31/12/2050",1,0) -> 7 | U7: =COUPDAYBS(F7,"31/12/2050",1,0) -> 4 | V7: =COUPDAYBS(G7,"31/12/2050",1,0) -> 9 | W7: =COUPDAYBS(H7,"31/12/2050",1,0) -> 0 | X7: =COUPDAYBS(I7,"31/12/2050",1,0) -> 236 | Y7: =COUPDAYBS(J7,"31/12/2050",1,0) -> #VALUE! | Z7: =COUPDAYBS(K7,"31/12/2050",1,0) -> #N/A | AA7: =COUPDAYBS(L7,"31/12/2050",1,0) -> #VALUE! | ... AF7: =COUPDAYBS(Q7,"31/12/2050",1,0) -> #REF! | AG7: {=COUPDAYBS(I7,"31/12/2050",1,{0,1,2,3,4})} -> 236 | AH7: 238 | AI7: 238 | AJ7: 238 | AK7: 236 | AL7: =COUPDAYBS(F7,"31/12/2050",1, 0) -> 4 | AM7: =COUPDAYBS(G7,"31/12/2050",1, 0) -> 9 | AN7: =COUPDAYBS(H7,"31/12/2050",1, 0) -> 0 | AO7: {=COUPDAYBS(I7,"31/12/2050",{1,2,4,2,1},{0,1,2,3,4})} -> 236 | AP7: 57 | AQ7: 57 | AR7: 57 | AS7: 236
A8: COUPDAYS | B8: DONE | C8: 3.2 | D8: 6 | E8: 7 | F8: 4 | G8: 9 | I8: 26/8/1989 | J8: TRUE | K8: #N/A | L8: =#VALUE! -> #VALUE! | M8: #DIV/0! | N8: #NAME? | O8: #NULL! | P8: #NUM! | Q8: #REF! | R8: =COUPDAYS(C8,"31/12/2050",1,1) -> 365 | S8: =COUPDAYS(D8,"31/12/2050",1,2) -> 360 | T8: =COUPDAYS(E8,"31/12/2050",1,0) -> 360 | U8: =COUPDAYS(F8,"31/12/2050",1,0) -> 360 | V8: =COUPDAYS(G8,"31/12/2050",1,0) -> 360 | W8: =COUPDAYS(H8,"31/12/2050",1,0) -> 360 | X8: =COUPDAYS(I8,"31/12/2050",1,0) -> 360 | Y8: =COUPDAYS(J8,"31/12/2050",1,0) -> #VALUE! | Z8: =COUPDAYS(K8,"31/12/2050",1,0) -> #N/A | AA8: =COUPDAYS(L8,"31/12/2050",1,0) -> #VALUE! | ... AF8: =COUPDAYS(Q8,"31/12/2050",1,0) -> #REF! | AG8: {=COUPDAYS({"31/12/2020","31/12/2025"},"31/12/2050",1,{2,3})} -> 360 | AH8: {=COUPDAYS({"31/12/2020","31/12/2025"},"31/12/2050",1,{2,3})} -> 360 | AI8: 365 | AJ8: #N/A | AK8: #N/A | AL8: =COUPDAYS(F8,"31/12/2050",1, 0) -> 360 | AM8: =COUPDAYS(G8,"31/12/2050",1, 0) -> 360 | AN8: =COUPDAYS(H8,"31/12/2050",1, 0) -> 360 | AO8: {=COUPDAYBS(I8,"31/12/2050",{1,2,4,2,1},{0,1,2,3,4})} -> 236 | AP8: 57 | AQ8: 57 | AR8: 57 | AS8: 236
A9: COUPDAYSNC | B9: DONE | C9: 3.2 | D9: 6 | E9: 7 | F9: 4 | G9: 9 | I9: 26/8/1989 | J9: TRUE | K9: #N/A | L9: =#VALUE! -> #VALUE! | M9: #DIV/0! | N9: #NAME? | O9: #NULL! | P9: #NUM! | Q9: #REF! | R9: =COUPDAYSNC(C9,"31/12/2050",1,1) -> 363 | S9: =COUPDAYSNC(D9,"31/12/2050",1,2) -> 360 | T9: =COUPDAYSNC(E9,"31/12/2050",1,0) -> 353 | U9: =COUPDAYSNC(F9,"31/12/2050",1,0) -> 356 | V9: =COUPDAYSNC(G9,"31/12/2050",1,0) -> 351 | W9: =COUPDAYSNC(H9,"31/12/2050",1,0) -> 360 | X9: =COUPDAYSNC(I9,"31/12/2050",1,4) -> 124 | Y9: =COUPDAYSNC(J9,"31/12/2050",1,0) -> #VALUE! | Z9: =COUPDAYSNC(K9,"31/12/2050",1,0) -> #N/A | AA9: =COUPDAYSNC(L9,"31/12/2050",1,0) -> #VALUE! | AB9: =COUPDAYSNC(M9,"31/12/2050",1,0) -> #DIV/0! | AC9: =COUPDAYSNC(N9,"31/12/2050",1,0) -> #NAME? | AD9: =COUPDAYSNC(O9,"31/12/2050",1,0) -> #NULL! | AE9: =COUPDAYSNC(P9,"31/12/2050",1,0) -> #NUM! | AF9: =COUPDAYSNC(Q9,"31/12/2050",1,0) -> #REF! | AG9: {=COUPDAYSNC({"31/12/2020","31/12/2025"},"31/12/2050",1,{2,3})} -> 365 | AH9: {=COUPDAYSNC({"31/12/2020","31/12/2025"},"31/12/2050",1,{2,3})} -> 365 | AI9: 365 | AJ9: #N/A | AK9: #N/A | AL9: =COUPDAYSNC(C9,"31/12/2050",1, 0) -> 357 | AM9: =COUPDAYSNC(D9,"31/12/2050",1, 0) -> 354 | AN9: =COUPDAYSNC(E9,"31/12/2050",1, 0) -> 353 | AO9: {=COUPDAYSNC(I9,"31/12/2050",{1,2,4,2,1},{0,1,2,3,4})} -> 124 | AP9: 127 | AQ9: 35 | AR9: 127 | AS9: 124
A10: COUPNCD | B10: DONE | C10: 3.2 | D10: 6 | E10: 7 | F10: 4 | G10: 9 | I10: 26/8/1989 | J10: TRUE | K10: #N/A | L10: =#VALUE! -> #VALUE! | M10: #DIV/0! | N10: #NAME? | O10: #NULL! | P10: #NUM! | Q10: #REF! | R10: =COUPNCD(C10,"31/12/2050",1,1) -> 366 | S10: =COUPNCD(D10,"31/12/2050",1,2) -> 366 | T10: =COUPNCD(E10,"31/12/2050",1,0) -> 366 | U10: =COUPNCD(F10,"31/12/2050",1,0) -> 366 | V10: =COUPNCD(G10,"31/12/2050",1,0) -> 366 | W10: =COUPNCD(H10,"31/12/2050",1,0) -> 366 | X10: =COUPNCD(I10,"31/12/2050",1,0) -> 32873 | Y10: =COUPNCD(J10,"31/12/2050",1,0) -> #VALUE! | Z10: =COUPNCD(K10,"31/12/2050",1,0) -> #N/A | AA10: =COUPNCD(L10,"31/12/2050",1,0) -> #VALUE! | ... AF10: =COUPNCD(Q10,"31/12/2050",1,0) -> #REF! | AG10: {=COUPNCD({"31/12/2020","31/12/2025"},"31/12/2050",1,{2,3})} -> 44561 | AH10: {=COUPNCD({"31/12/2020","31/12/2025"},"31/12/2050",1,{2,3})} -> 44561 | AI10: 46387 | AJ10: #N/A | AK10: #N/A | AL10: =COUPNCD(C10,"31/12/2050",1, 0) -> 366 | AM10: =COUPNCD(D10,"31/12/2050",1, 0) -> 366 | AN10: =COUPNCD(E10,"31/12/2050",1, 0) -> 366 | AO10: {=COUPNCD(I10,"31/12/2050",{1,2,4,2,1},{0,1,2,3,4})} -> 32873 | AP10: 32873 | AQ10: 32781 | AR10: 32873 | AS10: 32873
A11: COUPNUM | B11: DONE | C11: 33000.6 | D11: 33030.6 | E11: 440040 | F11: 4 | G11: 1 | I11: 26/8/1989 | J11: TRUE | K11: #N/A | L11: =#VALUE! -> #VALUE! | M11: #DIV/0! | N11: #NAME? | O11: #NULL! | P11: #NUM! | Q11: #REF! | R11: =COUPNUM(32000,43232,1) -> 31 | S11: =COUPNUM("31/12/2900","31/12/2050",1,2) -> #NUM! | T11: =COUPNUM("31/12/2030","31/12/2050",1,2) -> 20 | U11: =COUPNUM("31/08/2030","31/12/2050",4,1) -> 82 | V11: =COUPNUM("31/08/2030","31/12/2050",4,0) -> 82 | W11: =COUPNUM("31/08/2030","31/12/2050",4,3) -> 82 | X11: =COUPNUM("31/08/2030","31/12/2050",0,1) -> #NUM! | Y11: =COUPNUM("31/08/2030","31/12/2050",4,J11) -> #VALUE! | Z11: =COUPNUM("31/08/2030","31/12/2050",K11,1) -> #N/A | AA11: =COUPNUM("31/08/2030","31/12/2050",L11,1) -> #VALUE! | AB11: =COUPNUM("31/08/2030","31/12/2050",M11,1) -> #DIV/0! | AC11: =COUPNUM("31/08/2030","31/12/2050",N11,1) -> #NAME? | AD11: =COUPNUM("31/08/2030","31/12/2050",O11,1) -> #NULL! | AE11: =COUPNUM("31/08/2030","31/12/2050",P11,1) -> #NUM! | AF11: =COUPNUM("31/08/2030","31/12/2050",Q11,1) -> #REF! | AG11: {=COUPNUM("31/08/2030","31/12/2050",4,{1,2})} -> 82 | AH11: {=COUPNUM("31/08/2030","31/12/2050",4,{1,2})} -> 82 | AI11: 82 | AJ11: #N/A | AK11: #N/A | AL11: {=COUPNUM("31/08/2030","31/12/2050",4,{1,2,3,4})} -> 82 | AM11: 82 | AN11: 82 | AO11: 82 | AP11: #N/A | AQ11: #N/A | AR11: #N/A | AS11: #N/A | AT11: #N/A | AU11: #N/A | AV11: #N/A | AW11: #N/A
A12: COUPPCD | B12: DONE | C12: 3.2 | D12: 6 | E12: 7 | F12: 4 | G12: 9 | I12: 26/8/1989 | J12: TRUE | K12: #N/A | L12: =#VALUE! -> #VALUE! | M12: #DIV/0! | N12: #NAME? | O12: #NULL! | P12: #NUM! | Q12: #REF! | R12: =COUPPCD(C12,"31/12/2050",1,1) -> 0 | S12: =COUPPCD(D12,"31/12/2050",1,2) -> 0 | T12: =COUPPCD(E12,"31/12/2050",1,0) -> 0 | U12: =COUPPCD(F12,"31/12/2050",1,0) -> 0 | V12: =COUPPCD(G12,"31/12/2050",1,0) -> 0 | W12: =COUPPCD(H12,"31/12/2050",1,0) -> 0 | X12: =COUPPCD(I12,"31/12/2050",1,0) -> 32508 | Y12: =COUPPCD(J12,"31/12/2050",1,0) -> #VALUE! | Z12: =COUPPCD(K12,"31/12/2050",1,0) -> #N/A | AA12: =COUPPCD(L12,"31/12/2050",1,0) -> #VALUE! | ... AF12: =COUPPCD(Q12,"31/12/2050",1,0) -> #REF! | AG12: {=COUPPCD({"31/12/2020","31/12/2025"},"31/12/2050",1,{2,3})} -> 44196 | AH12: {=COUPPCD({"31/12/2020","31/12/2025"},"31/12/2050",1,{2,3})} -> 44196 | AI12: 46022 | AJ12: #N/A | AK12: #N/A | AL12: =COUPPCD(C12,"31/12/2050",1, 0) -> 0 | AM12: =COUPPCD(C12,"31/12/2050",1, 1) -> 0 | AN12: =COUPPCD(D12,"31/12/2050",1, 1) -> 0 | AO12: {=COUPPCD(I12,"31/12/2050",{1,2,4,2,1},{0,1,2,3,4})} -> 32508 | AP12: 32689 | AQ12: 32689 | AR12: 32689 | AS12: 32508
A13: CUMIPMT | B13: DONE | C13: 3.2 | D13: 6 | E13: 7 | F13: 4 | G13: 9 | I13: 26/1/1900 | J13: TRUE | K13: #N/A | L13: =#VALUE! -> #VALUE! | M13: #DIV/0! | N13: #NAME? | O13: #NULL! | P13: #NUM! | Q13: #REF! | R13: =CUMIPMT(C13,5.5,125000,3,5,1) -> -271489.34 | S13: =CUMIPMT(D13,5.5,125000,3,5,1) -> -314705.96 | T13: =CUMIPMT(E13,5.5,125000,3,5,1) -> -322615 | U13: =CUMIPMT(F13,5.5,125000,3,5,1) -> -288950.45 | V13: =CUMIPMT(G13,5.7,125000,3,5,0) -> -3350090.8 | W13: =CUMIPMT(H13,5.5,125000,3,5,1) -> #NUM! | X13: =CUMIPMT(I13,5.5,125000,3,5,1) -> -360220.19 | Y13: =CUMIPMT(J13,5.5,125000,3,5,1) -> #VALUE! | Z13: =CUMIPMT(K13,5.5,125000,3,5,1) -> #N/A | AA13: =CUMIPMT(L13,5.5,125000,3,5,1) -> #VALUE! | AB13: =CUMIPMT(M13,5.5,125000,3,5,1) -> #DIV/0! | AC13: =CUMIPMT(N13,5.5,125000,3,5,1) -> #NAME? | AD13: =CUMIPMT(O13,5.5,125000,3,5,1) -> #NULL! | ... AF13: =CUMIPMT(Q13,5.5,125000,3,5,1) -> #REF! | AG13: =CUMIPMT(C13:Q13,5.5,125000,3,5,1) -> #VALUE! | AH13: {=CUMIPMT(C13:G13,5.5,125000,3,5,1)} -> #VALUE! | AI13: #VALUE! | AJ13: #VALUE! | AK13: #VALUE! | AL13: #VALUE! | AM13: #VALUE! | AN13: #VALUE! | AO13: #VALUE! | AP13: #VALUE! | AQ13: #VALUE! | AR13: #VALUE! | AS13: #VALUE! | AT13: #VALUE! | AU13: #VALUE! | AV13: #VALUE! | AW13: #VALUE!
A14: CUMPRINC | B14: DONE | C14: 3.2 | D14: 6 | E14: 7 | F14: 4 | G14: 9 | I14: 26/1/1900 | J14: TRUE | K14: #N/A | L14: =#VALUE! -> #VALUE! | M14: #DIV/0! | N14: #NAME? | O14: #NULL! | P14: #NUM! | Q14: #REF! | R14: =CUMPRINC(C14,5.5,125000,3,5,1) -> -14331.659 | S14: =CUMPRINC(D14,5.5,125000,3,5,1) -> -6729.8395 | T14: =CUMPRINC(E14,5.5,125000,3,5,1) -> -5513.5416 | U14: =CUMPRINC(F14,5.5,125000,3,5,1) -> -11092.485 | V14: =CUMPRINC(G14,5.7,125000,3,5,0) -> -24915.888 | W14: =CUMPRINC(H14,5.5,125000,3,5,1) -> #NUM! | X14: =CUMPRINC(I14,5.5,125000,3,5,1) -> -890.92738 | Y14: =CUMPRINC(J14,5.5,125000,3,5,1) -> #VALUE! | Z14: =CUMPRINC(K14,5.5,125000,3,5,1) -> #N/A | AA14: =CUMPRINC(L14,5.5,125000,3,5,1) -> #VALUE! | AB14: =CUMPRINC(M14,5.5,125000,3,5,1) -> #DIV/0! | AC14: =CUMPRINC(N14,5.5,125000,3,5,1) -> #NAME? | AD14: =CUMPRINC(O14,5.5,125000,3,5,1) -> #NULL! | ... AF14: =CUMPRINC(Q14,5.5,125000,3,5,1) -> #REF! | AG14: =CUMPRINC(C14:Q14,5.5,125000,3,5,1) -> #VALUE! | AH14: {=CUMPRINC(C14:G14,5.5,125000,3,5,1)} -> #VALUE! | AI14: #VALUE! | AJ14: #VALUE! | AK14: #VALUE! | AL14: #VALUE! | AM14: #VALUE! | AN14: #VALUE! | AO14: #VALUE! | AP14: #VALUE! | AQ14: #VALUE! | AR14: #VALUE! | AS14: #VALUE! | AT14: #VALUE! | AU14: #VALUE! | AV14: #VALUE! | AW14: #VALUE!
A15: DB | B15: DONE | C15: 3.2 | D15: -3 | E15: 2.4 | F15: 4.3 | G15: 9.9 | I15: 26/1/1900 | J15: TRUE | K15: #N/A | L15: =#VALUE! -> #VALUE! | M15: #DIV/0! | N15: #NAME? | O15: #NULL! | P15: #NUM! | Q15: #REF! | R15: =DB(10000,1000,2,C15,3.6) -> 1343.8753 | S15: =DB(10000,1000,100,D15) -> #NUM! | T15: =DB(10000,1000,100,E15,1.3) -> 229.55917 | U15: =DB(10000,1000,10.7,F15,TRUE) -> 1239.9191 | V15: =DB(17000,1800,10,G15,200) -> #NUM! | W15: =DB(10000,1000,100,H15) -> #NUM! | X15: =DB(10000,1000,100,I15,6) -> 130.06907 | Y15: =DB(10000,1000,100,J15) -> 230 | Z15: =DB(10000,1000,100,K15) -> #N/A | AA15: =DB(10000,1000,100,L15) -> #VALUE! | AB15: =DB(10000,1000,100,M15) -> #DIV/0! | AC15: =DB(10000,1000,100,N15) -> #NAME? | AD15: =DB(10000,1000,100,O15) -> #NULL! | AE15: =DB(10000,1000,100,P15) -> #NUM! | AF15: =DB(10000,1000,100,Q15) -> #REF! | AG15: {=DB(10000,1000,100,C15:I15)} -> 219.54167 | AH15: {=DB(10000,1000,100,C15:Q15)} -> 219.54167 | AI15: #NUM! | AJ15: 224.71 | AK15: 214.49221 | AL15: 190.93447 | AM15: #NUM! | AN15: 128.55588 | AO15: 230 | AP15: #N/A | AQ15: #VALUE! | AR15: #DIV/0! | AS15: #NAME? | AT15: #NULL! | AU15: #NUM! | AV15: #REF! | AW15: #N/A
A16: DDB | B16: DONE | C16: 3.2 | D16: -3 | E16: 7 | F16: 4 | G16: 9 | I16: 26/1/1900 | J16: TRUE | K16: #N/A | L16: =#VALUE! -> #VALUE! | M16: #DIV/0! | N16: #NAME? | O16: #NULL! | P16: #NUM! | Q16: #REF! | R16: =DDB(10000,1000,100,C16,3) -> 280.55568 | S16: =DDB(10000,1000,100,D16) -> #NUM! | T16: =DDB(10000,1000,100,E16,1.3) -> 120.18389 | U16: =DDB(10000,1000,100.3,F16,TRUE) -> 96.748449 | V16: =DDB(17000,1800,10,G16,200) -> 0 | W16: =DDB(10000,1000,100,H16) -> #NUM! | X16: =DDB(10000,1000,100,I16,6) -> 127.74608 | Y16: =DDB(10000,1000,100,J16) -> 200 | Z16: =DDB(10000,1000,100,K16) -> #N/A | AA16: =DDB(10000,1000,100,L16) -> #VALUE! | AB16: =DDB(10000,1000,100,M16) -> #DIV/0! | AC16: =DDB(10000,1000,100,N16) -> #NAME? | AD16: =DDB(10000,1000,100,O16) -> #NULL! | AE16: =DDB(10000,1000,100,P16) -> #NUM! | AF16: =DDB(10000,1000,100,Q16) -> #REF! | AG16: {=DDB(10000,1000,100,C16:I16)} -> 191.30546 | AH16: {=DDB(10000,1000,100,C16:Q16)} -> 191.30546 | AI16: #NUM! | AJ16: 177.16848 | AK16: 188.2384 | AL16: 170.1526 | AM16: #NUM! | AN16: 120.69295 | AO16: 200 | AP16: #N/A | AQ16: #VALUE! | AR16: #DIV/0! | AS16: #NAME? | AT16: #NULL! | AU16: #NUM! | AV16: #REF! | AW16: #N/A
A17: DISC | B17: DONE | C17: -1 | D17: 6 | E17: 7 | F17: 4 | G17: 9 | I17: 26/8/1989 | J17: TRUE | K17: #N/A | L17: =#VALUE! -> #VALUE! | M17: #DIV/0! | N17: #NAME? | O17: #NULL! | P17: #NUM! | Q17: #REF! | R17: =DISC(32000,43232,C17,0.014,1) -> #NUM! | S17: =DISC(32000,43232,D17,0.014,1) -> -13.904066 | T17: =DISC(32000,43232,E17,0.014,1) -> -16.22683 | U17: =DISC(32000,43232,F17,0.014,1) -> -9.2585375 | V17: =DISC(32000,43232,G17,0.014,1) -> -20.872358 | W17: =DISC(32000,43232,H17,0.014,1) -> #NUM! | X17: =DISC(32000,43232,I17,0.014,1) -> -76061.199 | Y17: =DISC(32000,43232,J17,0.014,1) -> #VALUE! | ... AF17: =DISC(32000,43232,Q17,0.014,1) -> #REF! | AG17: =DISC(32000,43232,C17,C17:Q17,1) -> #VALUE! | AH17: =DISC(32000,43232,D17,C17:G17,1) -> #VALUE! | AI17: =DISC(32000,43232,C17:Q17,1400,1) -> #VALUE! | AJ17: {=DISC(32000,43232,13567,0.01,{0,1,2,3,4})} -> -44116.307 | AK17: -44118.083 | AL17: -43483.942 | AM17: -44087.886 | AN17: -44116.307
A18: DOLLARDE | B18: DONE | C18: 3.2 | D18: 0 | E18: 7 | F18: 4 | G18: 9 | I18: 26/1/1900 | J18: TRUE | K18: #N/A | L18: =#VALUE! -> #VALUE! | M18: #DIV/0! | N18: #NAME? | O18: #NULL! | P18: #NUM! | Q18: #REF! | R18: =DOLLARDE(1.2345,C18) -> 1.7816667 | S18: =DOLLARDE(1.2345,D18) -> #DIV/0! | T18: =DOLLARDE(1.2345,E18) -> 1.335 | U18: =DOLLARDE(1.2345,F18) -> 1.58625 | V18: =DOLLARDE(1.2345,G18) -> 1.2605556 | W18: =DOLLARDE(1.2345,H18) -> #DIV/0! | X18: =DOLLARDE(1.2345,I18) -> 1.9019231 | Y18: =DOLLARDE(1.2345,J18) -> #VALUE! | ... AF18: =DOLLARDE(1.2345,Q18) -> #REF! | AG18: {=DOLLARDE(1.2345,{5,2,3})} -> 1.469 | AH18: {=DOLLARDE(1.2345,{1,2,3})} -> 1.2345 | AI18: 2.1725 | AJ18: 1.7816667
A19: DOLLARFR | B19: DONE | C19: 0 | D19: 6 | E19: 7 | F19: 4 | G19: 9 | I19: 26/8/1989 | J19: TRUE | K19: #N/A | L19: =#VALUE! -> #VALUE! | M19: #DIV/0! | N19: #NAME? | O19: #NULL! | P19: #NUM! | Q19: #REF! | R19: =DOLLARFR(R18,C18) -> 1.2345 | S19: =DOLLARFR(S18,D18) -> #DIV/0! | T19: =DOLLARFR(T18,E18) -> 1.2345 | U19: =DOLLARFR(U18,F18) -> 1.2345 | V19: =DOLLARFR(V18,G18) -> 1.2345 | W19: =DOLLARFR(W18,H18) -> #DIV/0! | X19: =DOLLARFR(X18,I18) -> 1.2345 | Y19: =DOLLARFR(Y18,J18) -> #VALUE! | ... AF19: =DOLLARFR(AF18,Q18) -> #REF! | AG19: {=DOLLARFR(AG18,{5,4,3})} -> 1.2345 | AH19: {=DOLLARFR(AH18,{1,2,3})} -> 1.2345 | AI19: 1.0469 | AJ19: 1.07035
A20: DURATION | B20: DONE | C20: 33000.6 | D20: 33030.6 | E20: 440040 | F20: 4 | G20: 1 | I20: 26/8/1989 | J20: TRUE | K20: #N/A | L20: =#VALUE! -> #VALUE! | M20: #DIV/0! | N20: #NAME? | O20: #NULL! | P20: #NUM! | Q20: #REF! | R20: =DURATION(32000,43232,9%,8%,1) -> 11.816961 | S20: =DURATION("31/12/2900","31/12/2050",2%,9%,1,2) -> #NUM! | T20: =DURATION("31/12/2030","31/12/2050",9,9,1,2) -> 1.1111111 | U20: =DURATION("31/08/2030","31/12/2050",3,4,4,1) -> 0.33152174 | V20: =DURATION("31/08/2030","31/12/2050",3%,4%,4,0) -> 14.741359 | W20: =DURATION("15/08/2030","15/12/2050",1,4%,4,4) -> 9.1834962 | X20: =DURATION("31/08/2030","31/12/2050",TRUE,4,0,1) -> #VALUE! | Y20: =DURATION("31/08/2030","31/12/2050",4%,8%,4,J20) -> #VALUE! | Z20: =DURATION("31/08/2030","31/12/2050",4%,8%,4,K20) -> #N/A | AA20: =DURATION("31/08/2030","31/12/2050",4%,8%,4,L20) -> #VALUE! | AB20: =DURATION("31/08/2030","31/12/2050",4%,8%,4,M20) -> #DIV/0! | AC20: =DURATION("31/08/2030","31/12/2050",4%,8%,4,N20) -> #NAME? | AD20: =DURATION("31/08/2030","31/12/2050",4%,8%,4,O20) -> #NULL! | AE20: =DURATION("31/08/2030","31/12/2050",4%,8%,4,P20) -> #NUM! | AF20: =DURATION("31/08/2030","31/12/2050",4%,8%,4,Q20) -> #REF! | AG20: {=DURATION("31/08/2030","31/12/2050",3%,3%,4,{1,2})} -> 15.216619 | AH20: {=DURATION("31/08/2030","31/12/2050",3%,9%,4,{1,4})} -> 12.036128 | AI20: 12.03794 | AJ20: #N/A | AK20: #N/A | AL20: {=DURATION("31/08/2030","31/12/2050",3%,5%,4,{1,0,4,1})} -> 14.236736 | AM20: 14.238547 | AN20: 14.238547 | AO20: 14.236736 | AP20: #N/A | AQ20: #N/A | AR20: #N/A | AS20: #N/A | AT20: #N/A | AU20: #N/A | AV20: #N/A | AW20: #N/A
A21: EFFECT | B21: DONE | C21: -0.3 | D21: 3.2 | E21: 7 | F21: 4 | G21: 9 | I21: 26/8/1989 | J21: TRUE | K21: #N/A | L21: =#VALUE! -> #VALUE! | M21: #DIV/0! | N21: #NAME? | O21: #NULL! | P21: #NUM! | Q21: #REF! | R21: =EFFECT(C21,D21) -> #NUM! | S21: =EFFECT(D21,E21) -> 12.948096 | T21: =EFFECT(E21,F21) -> 56.191406 | U21: =EFFECT(F21,G21) -> 26.372066 | V21: =EFFECT(G21,H21) -> #NUM! | W21: =EFFECT(H21,I21) -> #NUM! | X21: =EFFECT(G21,I21) -> 8092.0701 | Y21: =EFFECT(J21,F21) -> #VALUE! | Z21: =EFFECT(K21,L21) -> #N/A | AA21: =EFFECT(L21,M21) -> #VALUE! | AB21: =EFFECT(M21,N21) -> #DIV/0! | AC21: =EFFECT(N21,O21) -> #NAME? | AD21: =EFFECT(O21,P21) -> #NULL! | AE21: =EFFECT(P21,Q21) -> #NUM! | AF21: =EFFECT(Q21,R21) -> #REF! | AG21: =EFFECT(C21:Q21,D21) -> #VALUE! | AH21: {=EFFECT(D21:G21,E21)} -> #VALUE! | AI21: #VALUE! | AJ21: #VALUE! | AK21: #VALUE! | AL21: #VALUE! | AM21: #VALUE! | AN21: #VALUE! | AO21: #VALUE! | AP21: #VALUE! | AQ21: #VALUE! | AR21: #VALUE! | AS21: #VALUE! | AT21: #VALUE! | AU21: #VALUE! | AV21: #VALUE! | AW21: #VALUE!
A22: FV | B22: DONE | C22: 3.2 | D22: 6 | E22: 7 | F22: 4 | G22: 9 | I22: ciao | J22: TRUE | K22: #N/A | L22: =#VALUE! -> #VALUE! | M22: #DIV/0! | N22: #NAME? | O22: #NULL! | P22: #NUM! | Q22: #REF! | R22: =FV(C22, -D22, E22) -> 2.1871015 | S22: =FV(D22, -E22, F22) -> 0.66666586 | T22: =FV(E22, -F22, G22) -> 1.2854004 | U22: =FV(F22, -G22, H22) -> 0 | V22: =FV(G22, -H22, I22) -> #VALUE! | W22: =FV(H22, -I22, J22) -> #VALUE! | X22: =FV(I22, -J22, K22) -> #VALUE! | Y22: =FV(J22, -K22, L22) -> #N/A | ... AF22: =FV(Q22, -R22, S22) -> #REF! | AG22: {=FV(C22:G22, 10, 5.6)} -> -2989032.9 | AH22: {=FV(C22:G22, 3, 2)} -> -45.68 | AI22: -114 | AJ22: -146 | AK22: -62 | AL22: -222 | AM22: #N/A | AN22: #N/A | AO22: #N/A | AP22: #N/A | AQ22: #N/A | AR22: #N/A | AS22: #N/A | AT22: #N/A | AU22: #N/A | AV22: #N/A | AW22: #N/A
A23: FVSCHEDULE | B23: DONE | C23: 3.2 | D23: 6 | E23: 7 | F23: 4 | G23: 9 | I23: 26/8/1989 | J23: TRUE | K23: #N/A | L23: =#VALUE! -> #VALUE! | M23: #DIV/0! | N23: #NAME? | O23: #NULL! | P23: #NUM! | Q23: #REF! | R23: =FVSCHEDULE(C23,D23:E23) -> 179.2 | S23: =FVSCHEDULE(D23,E23:F23) -> 240 | T23: =FVSCHEDULE(E23,F23:G23) -> 350 | U23: =FVSCHEDULE(F23,G23:H23) -> 40 | V23: =FVSCHEDULE(G23,H23:I23) -> #VALUE! | W23: =FVSCHEDULE(H23,I23:J23) -> #VALUE! | X23: =FVSCHEDULE(I23,J23:K23) -> #VALUE! | Y23: =FVSCHEDULE(J23,K23:L23) -> #VALUE! | ... AF23: =FVSCHEDULE(Q23,R23:S23) -> #REF! | AG23: {=FVSCHEDULE({2,4},{1,5})} -> 24 | AH23: {=FVSCHEDULE({7.8,9},{1,2})} -> 46.8 | AI23: 54 | AJ23: =FVSCHEDULE(H23,{1,2}) -> 0 | AK23: =FVSCHEDULE(I23,{1,2}) -> 196476 | AL23: =FVSCHEDULE(E23,F23:I23) -> #VALUE! | AM23: =FVSCHEDULE(F23,G23:H23) -> 40 | AN23: =FVSCHEDULE(G23,H23:I23) -> #VALUE! | AO23: {=FVSCHEDULE({1,2},G23:H23)} -> 10 | AP23: 20 | AQ23: {=FVSCHEDULE({1,2},G23:I23)} -> #VALUE! | AR23: #VALUE! | AS23: {=FVSCHEDULE({1,2},{1,TRUE})} -> #VALUE! | AT23: #VALUE! | AU23: =FVSCHEDULE(I23,{1,3}) -> 261968
A24: INTRATE | B24: DONE | C24: 3.2 | D24: 6 | E24: 7 | F24: 4 | G24: 9 | I24: 26/8/1989 | J24: TRUE | K24: #N/A | L24: =#VALUE! -> #VALUE! | M24: #DIV/0! | N24: #NAME? | O24: #NULL! | P24: #NUM! | Q24: #REF! | R24: =INTRATE(32000,43232,C24,1400,1) -> 14.194411 | S24: =INTRATE(32000,43232,D24,1400,1) -> 7.5551772 | T24: =INTRATE(32000,43232,E24,1400,1) -> 6.4712206 | U24: =INTRATE(32000,43232,F24,1400,1) -> 11.349025 | V24: =INTRATE(32000,43232,G24,1400,1) -> 5.0259452 | W24: =INTRATE(32000,43232,H24,1400,1) -> #NUM! | X24: =INTRATE(32000,43232,I24,1400,1) -> -0.031128415 | Y24: =INTRATE(32000,43232,J24,1400,1) -> #VALUE! | ... AF24: =INTRATE(32000,43232,Q24,1400,1) -> #REF! | AG24: =INTRATE(32000,43232,R24,C24:Q24,1) -> #VALUE! | AH24: =INTRATE(32000,43232,R24,C24:G24,1) -> #VALUE! | AI24: =INTRATE(32000,43232,C24:Q24,1400,1) -> #VALUE! | AJ24: {=INTRATE(32000,43232,C24,1400,{0,1,2,3,4})} -> 14.19384 | AK24: 14.194411 | AL24: 13.990385 | AM24: 14.184696 | AN24: 14.19384
A25: IPMT | B25: DONE | C25: 3 | D25: 6 | E25: 7 | F25: 4 | G25: 9 | I25: ciao | J25: TRUE | K25: #N/A | L25: =#VALUE! -> #VALUE! | M25: #DIV/0! | N25: #NAME? | O25: #NULL! | P25: #NUM! | Q25: #REF! | R25: =IPMT(C25/12, 1, 3*12, 8000) -> -2000 | S25: =IPMT(D25/12, 1, 3*12, 8000) -> -4000 | T25: =IPMT(E25/12, 1, 3*12, 8000) -> -4666.6667 | U25: =IPMT(F25/12, 1, 3*12, 8000) -> -2666.6667 | V25: =IPMT(G25/12, 1, 3*12, 8000) -> -6000 | W25: =IPMT(H25/12, 1, 3*12, 8000) -> 0 | X25: =IPMT(I25/12, 1, 3*12, 8000) -> #VALUE! | Y25: =IPMT(J25/12, 1, 3*12, 8000) -> -666.66667 | ... AF25: =IPMT(Q25/12, 1, 3*12, 8000) -> #REF! | AG25: {=IPMT(C25:G25, 1, 3*12, 8000)} -> -24000 | AH25: {=IPMT(C25:G25, 1, 3*12, 8000)} -> -24000 | AI25: -48000 | AJ25: -56000 | AK25: -32000 | AL25: -72000 | AM25: #N/A | AN25: #N/A | AO25: #N/A | AP25: #N/A | AQ25: #N/A | AR25: #N/A | AS25: #N/A | AT25: #N/A | AU25: #N/A | AV25: #N/A | AW25: #N/A
A26: IRR | B26: DONE | C26: 3 | D26: 6 | E26: 7 | F26: 4 | G26: 9 | I26: ciao | J26: TRUE | K26: #N/A | L26: =#VALUE! -> #VALUE! | M26: #DIV/0! | N26: #NAME? | O26: #NULL! | P26: #NUM! | Q26: #REF! | R26: =IRR({7,2,-1,4,-3;7,2,-1,4,4},C26) -> #NUM! | S26: =IRR({7,2,-1,4,-3;7,2,-1,4,4},D26) -> #NUM! | T26: =IRR({-7,2,1,4,-3;-7,2,-1,4,4},E26) -> -0.021126012 | U26: =IRR({-7,2,-1,4,-3,7,2,1,4},F26) -> 0.18158629 | V26: =IRR(C27:E27,G26) -> 19 | W26: =IRR(D27:F27,H26) -> #NUM! | X26: =IRR(E27:G27,I26) -> #VALUE! | Y26: =IRR(F27:H27,J26) -> #NUM! | Z26: =IRR({-7,2,-1,4,-3;7,2,-1,4,#N/A}) -> #VALUE! | AA26: =IRR({-7,2,-1,4,-3;7,2,-1,4,#VALUE!}) -> #VALUE! | AB26: =IRR({-7,2,-1,4,-3;7,2,-1,4,#DIV/0!}) -> #VALUE! | AC26: =IRR({-7,2,-1,4,-3;7,2,-1,4,#NAME?}) -> #VALUE! | AD26: =IRR({-7,2,-1,4,-3;7,2,-1,4,#NULL!}) -> #VALUE! | AE26: =IRR({-7,2,-1,4,-3;7,2,-1,4,#NUM!}) -> #VALUE! | AF26: =IRR({-7,2,-1,4,-3;7,2,-1,4,#REF!}) -> #VALUE! | AG26: {=IRR({-7,2,-1,4,-3;7,2,-1,4,4},C55:E55)} -> 0.19086464 | AH26: {=IRR({-7,2,-1,4,-3;7,2,-1,4,4},C26:G26)} -> 0.19086464 | AI26: 0.19086464 | AJ26: 0.19086464 | AK26: 0.19086464 | AL26: 0.19086464 | AM26: #N/A | AN26: #N/A | AO26: #N/A | AP26: #N/A | AQ26: #N/A | AR26: #N/A | AS26: #N/A | AT26: #N/A | AU26: #N/A | AV26: #N/A | AW26: #N/A
C27: -0.1 | D27: 2 | E27: 0 | F27: 4 | G27: 5 | I27: ciao | J27: TRUE | K27: #N/A | L27: =#VALUE! -> #VALUE! | M27: #DIV/0! | N27: #NAME? | O27: #NULL! | P27: #NUM! | Q27: #REF! | R27: =IRR({-7,2,-1,4,-3;7,2,-1,4,4}) -> 0.19086464 | S27: =IRR({7,2,-1,4,-3;7,2,-1,4,4},D27) -> #NUM! | T27: =IRR({-7,2,1,4,-3;-7,2,-1,4,4},E27) -> -0.021126012 | U27: =IRR({-7,2,-1,4,-3,7,2,1,4},F27) -> 0.18158629 | V27: =IRR(C27:G27,G27) -> 19.10511 | W27: =IRR(C27:H27) -> 19.10511 | X27: =IRR(C27:I27) -> 19.10511 | Y27: =IRR(C27:J27) -> 19.10511 | Z27: =IRR(C27:K27) -> #VALUE! | AA27: =IRR({-7,2,-1,4,-3,7,2,1,3},K27) -> #N/A | AB27: =IRR({-7,2,-1,4,-3,7,2,1,3},M27) -> #DIV/0! | AC27: =IRR({-7,2,-1,4,-3,7,2,1,3},N27) -> #NAME? | AD27: =IRR({-7,2,-1,4,-3,7,2,1,3},O27) -> #NULL! | AE27: =IRR({-7,2,-1,4,-3,7,2,1,3},P27) -> #NUM! | AF27: =IRR({-7,2,-1,4,-3,7,2,1,3},Q27) -> #REF! | AG27: {=IRR(D27:G27)} -> #NUM! | AH27: {=IRR(C27:G27,C27:Q27)} -> 19.10511 | AI27: 19.10511 | AJ27: 19.10511 | AK27: 19.10511 | AL27: 19.10511 | AM27: 19.10511 | AN27: #VALUE! | AO27: 19.10511 | AP27: #N/A | AQ27: #VALUE! | AR27: #DIV/0! | AS27: #NAME? | AT27: #NULL! | AU27: #NUM! | AV27: #REF! | AW27: #N/A
A28: ISPMT | B28: DONE | C28: 3.2 | D28: 6 | E28: 7 | F28: 4 | G28: 9 | I28: 26/8/1989 | J28: TRUE | K28: #N/A | L28: =#VALUE! -> #VALUE! | M28: #DIV/0! | N28: #NAME? | O28: #NULL! | P28: #NUM! | Q28: #REF! | R28: =ISPMT(C28,D28,E28,F28) -> -1.8285714 | S28: =ISPMT(D28,E28,F28,G28) -> 40.5 | T28: =ISPMT(E28,F28,G28,H28) -> 0 | U28: =ISPMT(F28,G28,H28,I28) -> #DIV/0! | V28: =ISPMT(G28,H28,I28,J28) -> -9 | W28: =ISPMT(H28,I28,J28,K28) -> #N/A | X28: =ISPMT(I28,J28,K28,L28) -> #N/A | Y28: =ISPMT(J28,K28,L28,M28) -> #N/A | ... AF28: =ISPMT(Q28,R28,S28,T28) -> #REF! | AG28: {=ISPMT(C28:Q28,D28,E28,F28)} -> -1.8285714 | AH28: {=ISPMT(D28:R28,E28,F28,G28)} -> 40.5 | AI28: 47.25 | AJ28: 27 | AK28: 60.75 | AL28: 0 | AM28: 221035.5 | AN28: 6.75 | AO28: #N/A | AP28: #VALUE! | AQ28: #DIV/0! | AR28: #NAME? | AS28: #NULL! | AT28: #NUM! | AU28: #REF! | AV28: -12.342857 | AW28: #N/A
A29: MDURATION | B29: DONE | C29: 33000.6 | D29: 33030.6 | E29: 440040 | F29: 4 | G29: 1 | I29: 26/8/1989 | J29: TRUE | K29: #N/A | L29: =#VALUE! -> #VALUE! | M29: #DIV/0! | N29: #NAME? | O29: #NULL! | P29: #NUM! | Q29: #REF! | R29: =MDURATION(32000,43232,9%,8%,1) -> 10.941631 | S29: =MDURATION("31/12/2900","31/12/2050",2%,9%,1,2) -> #NUM! | T29: =MDURATION("31/12/2030","31/12/2050",9,9,1,2) -> 0.11111111 | U29: =MDURATION("31/08/2030","31/12/2050",3,4,4,1) -> 0.16576087 | V29: =MDURATION("31/08/2030","31/12/2050",3%,4%,4,0) -> 14.595405 | W29: =MDURATION("31/08/2030","31/12/2050",1,4%,4,4) -> 9.0925705 | X29: =MDURATION("31/08/2030","31/12/2050",TRUE,4,0,1) -> #VALUE! | Y29: =MDURATION("31/08/2030","31/12/2050",4%,8%,4,J29) -> #VALUE! | Z29: =MDURATION("31/08/2030","31/12/2050",4%,8%,4,K29) -> #N/A | AA29: =MDURATION("31/08/2030","31/12/2050",4%,8%,4,L29) -> #VALUE! | AB29: =MDURATION("31/08/2030","31/12/2050",4%,8%,4,M29) -> #DIV/0! | AC29: =MDURATION("31/08/2030","31/12/2050",4%,8%,4,N29) -> #NAME? | AD29: =MDURATION("31/08/2030","31/12/2050",4%,8%,4,O29) -> #NULL! | AE29: =MDURATION("31/08/2030","31/12/2050",4%,8%,4,P29) -> #NUM! | AF29: =MDURATION("31/08/2030","31/12/2050",4%,8%,4,Q29) -> #REF! | AG29: {=MDURATION("31/08/2030","31/12/2050",3%,3%,4,{1,2})} -> 15.103343 | AH29: {=MDURATION("31/08/2030","31/12/2050",3%,9%,4,{1,4})} -> 11.771275 | AI29: 11.773046 | AJ29: #N/A | AK29: #N/A | AL29: {=MDURATION("31/08/2030","31/12/2050",3%,5%,4,{1,0,1,4})} -> 14.060973 | AM29: 14.062763 | AN29: 14.060973 | AO29: 14.062763 | AP29: #N/A | AQ29: #N/A | AR29: #N/A | AS29: #N/A | AT29: #N/A | AU29: #N/A | AV29: #N/A | AW29: #N/A
A30: MIRR | B30: DONE | C30: 3 | D30: 6 | E30: 7 | F30: 4 | G30: 9 | I30: ciao | J30: TRUE | K30: #N/A | L30: =#VALUE! -> #VALUE! | M30: #DIV/0! | N30: #NAME? | O30: #NULL! | P30: #NUM! | Q30: #REF! | R30: =MIRR({7,2,-1,4,-3;7,2,-1,4,4},C30,D30) -> 10.653789 | S30: =MIRR({7,2,-1,4,-3;7,2,-1,4,4},D30,E30) -> 14.263915 | T30: =MIRR({-7,2,1,4,-3;-7,2,-1,4,4},E30,F30) -> 2.7055218 | U30: =MIRR({-7,2,-1,4,-3,7,2,1,4},F30,G30) -> 5.4230216 | V30: =MIRR(C31:E31,G30,F30) -> 9 | W30: =MIRR(D31:F31,H30,F30) -> #DIV/0! | X30: =MIRR(E31:G31,I30,D30) -> #VALUE! | Y30: =MIRR(F31:H31,J30,G30) -> #DIV/0! | Z30: =MIRR({-7,2,-1,4,-3;7,2,-1,4,#N/A},E30,C31) -> #N/A | AA30: =MIRR({-7,2,-1,4,-3;7,2,-1,4,#VALUE!},F30,E30) -> #VALUE! | AB30: =MIRR({-7,2,-1,4,-3;7,2,-1,4,#VALUE!},G30,F30) -> #VALUE! | AC30: =MIRR({-7,2,-1,4,-3;7,2,-1,4,#VALUE!},H30,G30) -> #VALUE! | AD30: =MIRR({-7,2,-1,4,-3;7,2,-1,4,#VALUE!},I30,H30) -> #VALUE! | AE30: =MIRR({-7,2,-1,4,-3;7,2,-1,4,#VALUE!},J30,I30) -> #VALUE! | AF30: =MIRR({-7,2,-1,4,-3;7,2,-1,4,#VALUE!},K30,J30) -> #N/A | AG30: {=MIRR({-7,2,-1,4,-3;7,2,-1,4,4},C59:E59,F31)} -> 2.3758759 | AH30: {=MIRR({-7,2,-1,4,-3;7,2,-1,4,4},C30:G30,C31)} -> 0.099681757 | AI30: 0.1005944 | AJ30: 0.10068676 | AK30: 0.10019189 | AL30: 0.1007924 | AM30: #N/A | AN30: #N/A | AO30: #N/A | AP30: #N/A | AQ30: #N/A | AR30: #N/A | AS30: #N/A | AT30: #N/A | AU30: #N/A | AV30: #N/A | AW30: #N/A
C31: -0.1 | D31: 2 | E31: 0 | F31: 4 | G31: 5 | I31: 26/8/1989 | J31: TRUE | K31: #N/A | L31: =#VALUE! -> #VALUE! | M31: #DIV/0! | N31: #NAME? | O31: #NULL! | P31: #NUM! | Q31: #REF! | R31: =MIRR({-7,2,-1,4,-3;7,2,-1,4,4},4,3) -> 2.0249544 | S31: =MIRR({7,2,-1,4,-3;7,2,-1,4,4},D31,C31) -> 0.71774649 | T31: =MIRR({-7,2,1,4,-3;-7,2,-1,4,4},E31,E30) -> 4.0239503 | U31: =MIRR({-7,2,-1,4,-3,7,2,1,4},F31,3) -> 1.921162 | V31: =MIRR(C31:G31,3,G31) -> 7.2399624 | W31: =MIRR(C31:H31,3,4) -> 6.2415773 | X31: =MIRR(C31:I31,2,1) -> 3.1266677 | Y31: =MIRR(C31:J31,2,3) -> 5.2129315 | Z31: =MIRR(C31:K31,3,2) -> #N/A | AA31: =MIRR({-7,2,-1,4,-3,7,2,1,3},K31, 5) -> #N/A | AB31: =MIRR({-7,2,-1,4,-3,7,2,1,3},M31, 6) -> #DIV/0! | AC31: =MIRR({-7,2,-1,4,-3,7,2,1,3},N31, 6) -> #NAME? | AD31: =MIRR({-7,2,-1,4,-3,7,2,1,3},O31, 6) -> #NULL! | AE31: =MIRR({-7,2,-1,4,-3,7,2,1,3},P31, 6) -> #NUM! | AF31: =MIRR({-7,2,-1,4,-3,7,2,1,3},Q31, 6) -> #REF! | AG31: =MIRR(D31:G31,3,2) -> #DIV/0! | AH31: {=MIRR(C31:G31,C31:Q31,3)} -> 5.2129315 | AI31: 5.2129315 | AJ31: 5.2129315 | AK31: 5.2129315 | AL31: 5.2129315 | AM31: 5.2129315 | AN31: 5.2129315 | AO31: 5.2129315 | AP31: #N/A | AQ31: #VALUE! | AR31: #DIV/0! | AS31: #NAME? | AT31: #NULL! | AU31: #NUM! | AV31: #REF! | AW31: #N/A
A32: NOMINAL | B32: DONE | C32: -0.3 | D32: 3.2 | E32: 7 | F32: 4 | G32: 9 | I32: 26/8/1989 | J32: TRUE | K32: #N/A | L32: =#VALUE! -> #VALUE! | M32: #DIV/0! | N32: #NAME? | O32: #NULL! | P32: #NUM! | Q32: #REF! | R32: =NOMINAL(C32,D32) -> #NUM! | S32: =NOMINAL(D32,E32) -> 1.5927792 | T32: =NOMINAL(E32,F32) -> 2.7271713 | U32: =NOMINAL(F32,G32) -> 1.7623186 | V32: =NOMINAL(G32,H32) -> #NUM! | W32: =NOMINAL(H32,I32) -> #NUM! | X32: =NOMINAL(G32,I32) -> 2.302666 | Y32: =NOMINAL(J32,K32) -> #VALUE! | Z32: =NOMINAL(K32,L32) -> #N/A | AA32: =NOMINAL(L32,M32) -> #VALUE! | AB32: =NOMINAL(M32,N32) -> #DIV/0! | AC32: =NOMINAL(N32,O32) -> #NAME? | AD32: =NOMINAL(O32,P32) -> #NULL! | AE32: =NOMINAL(P32,Q32) -> #NUM! | AF32: =NOMINAL(Q32,R32) -> #REF! | AG32: =NOMINAL(C32:Q32,D32) -> #VALUE! | AH32: {=NOMINAL(D32:G32,E32)} -> #VALUE! | AI32: #VALUE! | AJ32: #VALUE! | AK32: #VALUE! | AL32: #VALUE! | AM32: #VALUE! | AN32: #VALUE! | AO32: #VALUE! | AP32: #VALUE! | AQ32: #VALUE! | AR32: #VALUE! | AS32: #VALUE! | AT32: #VALUE! | AU32: #VALUE! | AV32: #VALUE! | AW32: #VALUE!
A33: NPER | B33: DONE | C33: -0.1 | D33: 2 | E33: 0 | F33: 4 | G33: 5 | I33: ciao | J33: TRUE | K33: #N/A | L33: =#VALUE! -> #VALUE! | M33: #DIV/0! | N33: #NAME? | O33: #NULL! | P33: #NUM! | Q33: #REF! | R33: =NPER(C33/12,D33,E33,10000,1) -> -449.50749 | S33: =NPER(D33/12,E33,F33,10000,1) -> #NUM! | T33: =NPER(E33/12,F33*1000,G33) -> -0.00125 | U33: =NPER(F33/12,H33,C33,10000,1) -> 40.019614 | V33: =NPER(G33/12,H33,I33,10000,1) -> #VALUE! | W33: =NPER(H33/12,I33,J33,10000,1) -> #VALUE! | X33: =NPER(I33/12,J33,K33,10000,1) -> #VALUE! | Y33: =NPER(J33/12,K33,L33,10000,1) -> #N/A | Z33: =NPER(K33/12,L33,M33,10000,1) -> #N/A | AA33: =NPER(L33/12,M33,N33,10000,1) -> #VALUE! | AB33: =NPER(M33/12,N33,O33,10000,1) -> #DIV/0! | AC33: =NPER(N33/12,O33,P33,10000,1) -> #NAME? | ... AF33: =NPER(Q33/12,R33,S33,10000,1) -> #REF! | AG33: {=NPER(C33:Q33,D33,E33,10000,1)} -> -60.001291 | AH33: {=NPER(C33:Q33,D33,E33,10000,1)} -> -60.001291 | AI33: #NUM! | AJ33: -5000 | AK33: #NUM! | AL33: #NUM! | AM33: -5000 | AN33: #VALUE! | AO33: #NUM! | AP33: #N/A | AQ33: #VALUE! | AR33: #DIV/0! | AS33: #NAME? | AT33: #NULL! | AU33: #NUM! | AV33: #REF! | AW33: #N/A
A34: NPV | B34: DONE | C34: -0.1 | D34: 2 | E34: 0 | F34: 4 | G34: 5 | I34: ciao | J34: TRUE | K34: #N/A | L34: =#VALUE! -> #VALUE! | M34: #DIV/0! | N34: #NAME? | O34: #NULL! | P34: #NUM! | Q34: #REF! | R34: =NPV(C34,C34:G34) -> 16.9222 | S34: =NPV(D34,D34:H34) -> 0.87654321 | T34: =NPV(E34,E34:I34) -> 9 | U34: =NPV(F34,F34:J34) -> 1 | V34: =NPV(G34,G34:K34) -> #N/A | W34: =NPV(H34,H34:L34) -> #N/A | X34: =NPV(I34,I34:M34) -> #VALUE! | Y34: =NPV(J34,J34:N34) -> #N/A | ... AF34: =NPV(Q34,Q34:U34) -> #REF! | AG34: {=NPV(C34:G34,C34:G34)} -> 16.9222 | AH34: {=NPV(C34:Q34,C34:G34)} -> 16.9222 | AI34: 0.25884774 | AJ34: 10.9 | AK34: 0.068 | AL34: 0.042618313 | AM34: 10.9 | AN34: #VALUE! | AO34: 0.85625 | AP34: #N/A | AQ34: #VALUE! | AR34: #DIV/0! | AS34: #NAME? | AT34: #NULL! | AU34: #NUM! | AV34: #REF! | AW34: #N/A
A35: ODDFPRICE | B35: DONE | C35: -0.1 | D35: 0.4 | E35: 1 | F35: 4 | G35: 5 | I35: ciao | J35: TRUE | K35: #N/A | L35: =#VALUE! -> #VALUE! | M35: #DIV/0! | N35: #NAME? | O35: #NULL! | P35: #NUM! | Q35: #REF! | R35: =ODDFPRICE("2005-4-15","2009-7-30","2000-6-13","2007-7-30",C35,6.5%,100,4) -> #NUM! | S35: =ODDFPRICE("2005-4-15","2009-7-30","2000-6-13","2007-7-30",D35,6.5%,100,4) -> 192.54088 | T35: =ODDFPRICE("2005-4-15","2009-7-30","2000-6-13","2007-7-30",E35,6.5%,100,4) -> 367.61174 | U35: =ODDFPRICE("2005-4-15","2009-7-30","2000-6-13","2007-7-30",F35,6.5%,100,4) -> 1242.966 | V35: =ODDFPRICE("2005-4-15","2009-7-30","2000-6-13","2007-7-30",G35,6.5%,100,4) -> 1534.7508 | W35: =ODDFPRICE("2005-4-15","2009-7-30","2000-6-13","2007-7-30",H35,6.5%,100,4) -> 75.826977 | X35: =ODDFPRICE("2005-4-15","2009-7-30","2000-6-13","2007-7-30",I35,6.5%,100,4) -> #VALUE! | Y35: =ODDFPRICE("2005-4-15","2009-7-30","2000-6-13","2007-7-30",J35,6.5%,100,4) -> #VALUE! | ... AF35: =ODDFPRICE("2005-4-15","2009-7-30","2000-6-13","2007-7-30",Q35,6.5%,100,4) -> #REF! | AG35: {=ODDFPRICE("2005-4-15","2009-7-30","2000-6-13","2007-7-30",1,6.5%,100,4,{0,1,2,3,4})} -> 367.61174 | AH35: {=ODDFPRICE("2005-4-15","2009-7-30","2000-6-13","2007-7-30",1,6.5%,100,4,{0,1,2,3,4})} -> 367.61174 | AI35: 367.63145 | AJ35: 360.6673 | AK35: 367.2681 | AL35: 367.61174 | AM35: #N/A | AN35: #N/A | AO35: #N/A | AP35: #N/A | AQ35: #N/A | AR35: #N/A | AS35: #N/A | AT35: #N/A | AU35: #N/A | AV35: #N/A | AW35: #N/A
A36: ODDFYIELD | B36: DONE | C36: -0.1 | D36: 0.4 | E36: 1 | F36: 4 | G36: 5 | I36: ciao | J36: TRUE | K36: #N/A | L36: =#VALUE! -> #VALUE! | M36: #DIV/0! | N36: #NAME? | O36: #NULL! | P36: #NUM! | Q36: #REF! | R36: =ODDFYIELD("2005-4-15","2009-7-30","2000-6-13","2007-7-30",C36,6.5%,100,4) -> #NUM! | S36: =ODDFYIELD("2005-4-15","2009-7-30","2000-6-13","2007-7-30",D35,S35,100,4) -> 0.065 | T36: =ODDFYIELD("2005-4-15","2009-7-30","2000-6-13","2007-7-30",E35,U35,100,4) -> -0.1882435 | U36: =ODDFYIELD("2005-4-15","2009-7-30","2000-6-13","2007-7-30",F35,U35,100,4) -> 0.065 | V36: =ODDFYIELD("2005-4-15","2009-7-30","2000-6-13","2007-7-30",G35,V35,100,4) -> 0.065 | W36: =ODDFYIELD("2005-4-15","2009-7-30","2000-6-13","2007-7-30",H35,W35,100,4) -> 0.065 | X36: =ODDFYIELD("2005-4-15","2009-7-30","2000-6-13","2007-7-30",I35,X35,100,4) -> #VALUE! | Y36: =ODDFYIELD("2005-4-15","2009-7-30","2000-6-13","2007-7-30",J35,Y35,100,4) -> #VALUE! | Z36: =ODDFYIELD("2005-4-15","2009-7-30","2000-6-13","2007-7-30",K35,Z35,100,4) -> #N/A | AA36: =ODDFYIELD("2005-4-15","2009-7-30","2000-6-13","2007-7-30",L35,AA35,100,4) -> #VALUE! | AB36: =ODDFYIELD("2005-4-15","2009-7-30","2000-6-13","2007-7-30",M35,AB35,100,4) -> #DIV/0! | ... AF36: =ODDFYIELD("2005-4-15","2009-7-30","2000-6-13","2007-7-30",Q35,AF35,100,4) -> #REF! | AG36: {=ODDFYIELD("2005-4-15","2009-7-30","2000-6-13","2007-7-30",1,AG35,100,4,{0,1,2,3,4})} -> 0.065 | AH36: {=ODDFYIELD("2005-4-15","2009-7-30","2000-6-13","2007-7-30",1,AH35,100,4,{0,1,2,3,4})} -> 0.065 | AI36: 0.065008784 | AJ36: 0.061919626 | AK36: 0.064846831 | AL36: 0.065 | AM36: #N/A | AN36: #N/A | AO36: #N/A | AP36: #N/A | AQ36: #N/A | AR36: #N/A | AS36: #N/A | AT36: #N/A | AU36: #N/A | AV36: #N/A | AW36: #N/A
A37: ODDLPRICE | B37: DONE | C37: -0.1 | D37: 0.4 | E37: 1 | F37: 4 | G37: 5 | I37: ciao | J37: TRUE | K37: #N/A | L37: =#VALUE! -> #VALUE! | M37: #DIV/0! | N37: #NAME? | O37: #NULL! | P37: #NUM! | Q37: #REF! | R37: =ODDLPRICE("2005-4-15","2009-7-30","2000-6-13",C37,6.5%,100,4) -> #NUM! | S37: =ODDLPRICE("2005-4-15","2009-7-30","2000-6-13",D37,6.5%,100,4) -> 170.19533 | T37: =ODDLPRICE("2005-4-15","2009-7-30","2000-6-13",E37,6.5%,100,4) -> 308.20537 | U37: =ODDLPRICE("2005-4-15","2009-7-30","2000-6-13",F37,6.5%,100,4) -> 998.2556 | V37: =ODDLPRICE("2005-4-15","2009-7-30","2000-6-13",G37,6.5%,100,4) -> 1228.2723 | W37: =ODDLPRICE("2005-4-15","2009-7-30","2000-6-13",H37,6.5%,100,4) -> 78.18863 | X37: =ODDLPRICE("2005-4-15","2009-7-30","2000-6-13",I37,6.5%,100,4) -> #VALUE! | Y37: =ODDLPRICE("2005-4-15","2009-7-30","2000-6-13",J37,6.5%,100,4) -> #VALUE! | ... AF37: =ODDLPRICE("2005-4-15","2009-7-30","2000-6-13",Q37,6.5%,100,4) -> #REF! | AG37: {=ODDLPRICE("2005-4-15","2009-7-30","2000-6-13",{1,2},6.5%,100,4)} -> 308.20537 | AH37: {=ODDLPRICE("2005-4-15","2009-7-30","2000-6-13",{0.3,1,2},6.5%,100,4)} -> 147.19365 | AI37: 308.20537 | AJ37: 538.22211 | AK37: #N/A | AL37: #N/A | AM37: #N/A | AN37: #N/A | AO37: #N/A | AP37: #N/A | AQ37: #N/A | AR37: #N/A | AS37: #N/A | AT37: #N/A | AU37: #N/A | AV37: #N/A | AW37: #N/A
A38: ODDLYIELD | B38: DONE | C38: -0.1 | D38: 0.5 | E38: 1 | F38: 4 | G38: 5 | I38: ciao | J38: TRUE | K38: #N/A | L38: =#VALUE! -> #VALUE! | M38: #DIV/0! | N38: #NAME? | O38: #NULL! | P38: #NUM! | Q38: #REF! | R38: =ODDLYIELD("2005-4-15","2009-7-30","2000-6-13",C38,6.5%,100,4) -> #NUM! | S38: =ODDLYIELD("2005-4-15","2009-7-30","2000-6-13",D38,6.5%,100,4) -> 0.30282217 | T38: =ODDLYIELD("2005-4-15","2009-7-30","2000-6-13",E38,6.5%,100,4) -> 0.25474705 | U38: =ODDLYIELD("2005-4-15","2009-7-30","2000-6-13",F38,6.5%,100,4) -> 0.21868223 | V38: =ODDLYIELD("2005-4-15","2009-7-30","2000-6-13",G38,6.5%,100,4) -> 0.21627765 | W38: =ODDLYIELD("2005-4-15","2009-7-30","2000-6-13",H38,6.5%,100,4) -> 358.24347 | X38: =ODDLYIELD("2005-4-15","2009-7-30","2000-6-13",I38,6.5%,100,4) -> #VALUE! | Y38: =ODDLYIELD("2005-4-15","2009-7-30","2000-6-13",J38,6.5%,100,4) -> #VALUE! | ... AF38: =ODDLYIELD("2005-4-15","2009-7-30","2000-6-13",Q38,6.5%,100,4) -> #REF! | AG38: {=ODDLYIELD("2005-4-15","2009-7-30","2000-6-13",{1,2},6.5%,100,4)} -> 0.25474705 | AH38: {=ODDLYIELD("2005-4-15","2009-7-30","2000-6-13",{0.3,1,2},6.5%,100,4)} -> 0.36690225 | AI38: 0.25474705 | AJ38: 0.23070465 | AK38: #N/A | AL38: #N/A | AM38: #N/A | AN38: #N/A | AO38: #N/A | AP38: #N/A | AQ38: #N/A | AR38: #N/A | AS38: #N/A | AT38: #N/A | AU38: #N/A | AV38: #N/A | AW38: #N/A
A39: PDURATION | B39: DONE | C39: -0.1 | D39: 2 | E39: 0 | F39: 4 | G39: 5 | I39: ciao | J39: TRUE | K39: #N/A | L39: =#VALUE! -> #VALUE! | M39: #DIV/0! | N39: #NAME? | O39: #NULL! | P39: #NUM! | Q39: #REF! | R39: =_xlfn.PDURATION(12,2,1) -> -0.27023815 | S39: =_xlfn.PDURATION(2.5%,2000,2200) -> 3.8598662 | T39: =_xlfn.PDURATION(2.5%,2000,-2200) -> #NUM! | U39: =_xlfn.PDURATION(2.5%,-2000,2200) -> #NUM! | V39: =_xlfn.PDURATION(-2.5%,H39,2200) -> #NUM! | W39: =_xlfn.PDURATION(-2.5%,I39,2200) -> #VALUE! | X39: =_xlfn.PDURATION(-2.5%,J39,2200) -> #NUM! | Y39: =_xlfn.PDURATION(-2.5%,K39,2200) -> #N/A | Z39: =_xlfn.PDURATION(-2.5%,L39,2200) -> #VALUE! | AA39: =_xlfn.PDURATION(-2.5%,M39,2200) -> #DIV/0! | AB39: =_xlfn.PDURATION(-2.5%,N39,2200) -> #NAME? | AC39: =_xlfn.PDURATION(-2.5%,O39,2200) -> #NULL! | ... AF39: =_xlfn.PDURATION(-2.5%,R39,2200) -> #NUM! | AG39: {=_xlfn.PDURATION(C39:Q39,3,2)} -> #NUM! | AH39: {=_xlfn.PDURATION(C39:Q39,3,2)} -> #NUM! | AI39: -0.36907025 | AJ39: #NUM! | AK39: -0.25192964 | AL39: -0.22629439 | AM39: #NUM! | AN39: #VALUE! | AO39: -0.5849625 | AP39: #N/A | AQ39: #VALUE! | AR39: #DIV/0! | AS39: #NAME? | AT39: #NULL! | AU39: #NUM! | AV39: #REF! | AW39: #N/A
A40: PMT | B40: DONE | C40: -0.1 | D40: 2 | E40: 0 | F40: 4 | G40: 5 | I40: ciao | J40: TRUE | K40: #N/A | L40: =#VALUE! -> #VALUE! | M40: #DIV/0! | N40: #NAME? | O40: #NULL! | P40: #NUM! | Q40: #REF! | R40: =PMT(C40/12,D40,E40,10000,1) -> -5063.1131 | S40: =PMT(D40/12,E40,F40,10000,1) -> #NUM! | T40: =PMT(E40/12,F40,G40,10000,1) -> -2501.25 | U40: =PMT(F40/12,G40,H40,10000,1) -> -777.84891 | V40: =PMT(G40/12,H40,I40,10000,1) -> #VALUE! | W40: =PMT(H40/12,I40,J40,10000,1) -> #VALUE! | X40: =PMT(I40/12,J40,K40,10000,1) -> #VALUE! | Y40: =PMT(J40/12,K40,L40,10000,1) -> #N/A | ... AF40: =PMT(Q40/12,R40,S40,10000,1) -> #REF! | AG40: {=PMT(C40/12,D40,E40,F40:G40,1)} -> -2.0252452 | AH40: {=PMT(C40/12,D40:E40,E40:F40,F40:G40,1)} -> -2.0252452 | AI40: #NUM! | AJ40: #N/A | AK40: #N/A | AL40: #N/A | AM40: #N/A | AN40: #N/A | AO40: #N/A | AP40: #N/A | AQ40: #N/A | AR40: #N/A | AS40: #N/A | AT40: #N/A | AU40: #N/A | AV40: #N/A | AW40: #N/A
A41: PPMT | B41: DONE | C41: -0.1 | D41: 2 | E41: 1 | F41: 4 | G41: 5 | I41: ciao | J41: TRUE | K41: #N/A | L41: =#VALUE! -> #VALUE! | M41: #DIV/0! | N41: #NAME? | O41: #NULL! | P41: #NUM! | Q41: #REF! | R41: =PPMT(C41,"3","33","10000","1") -> -835.91336 | S41: =PPMT(D41,"3","33","10000","1") -> -3.238281e-11 | T41: =PPMT(E41,"3","33","10000","1") -> -4.6570785e-06 | U41: =PPMT(F41,"3","33","10000","1") -> -8.5907936e-18 | V41: =PPMT(G41,"3","33","10000","1") -> -3.7698552e-20 | W41: =PPMT(H41,"3","33","10000","1") -> -303.06061 | X41: =PPMT(I41,"3","33","10000","1") -> #VALUE! | Y41: =PPMT(J41,"3","33","10000","1") -> -4.6570785e-06 | ... AF41: =PPMT(Q41,"3","33","10000","1") -> #REF! | AG41: {=PPMT(C41/12,D41,E41,F41:G41,1)} -> #NUM! | AH41: {=PPMT(C41/12,D41:E41,E41:F41,F41:G41)} -> #NUM! | AI41: -1.265734 | AJ41: #N/A | AK41: #N/A | AL41: #N/A | AM41: #N/A | AN41: #N/A | AO41: #N/A | AP41: #N/A | AQ41: #N/A | AR41: #N/A | AS41: #N/A | AT41: #N/A | AU41: #N/A | AV41: #N/A | AW41: #N/A
A42: PRICE | B42: DONE | C42: -0.1 | D42: 0 | E42: 1 | F42: 4 | G42: 5 | I42: ciao | J42: TRUE | K42: #N/A | L42: =#VALUE! -> #VALUE! | M42: #DIV/0! | N42: #NAME? | O42: #NULL! | P42: #NUM! | Q42: #REF! | R42: =PRICE("15/4/2005","31/7/2009",C42,6.5%,100,4) -> #NUM! | S42: =PRICE("15/4/2005","31/7/2009",D42,6.5%,100,4) -> 75.826977 | T42: =PRICE("15/4/2005","31/7/2009",E42,6.5%,100,4) -> 447.6916 | U42: =PRICE("15/4/2005","31/7/2009",F42,6.5%,100,4) -> 1563.2855 | V42: =PRICE("15/4/2005","31/7/2009",G42,6.5%,100,4) -> 1935.1501 | W42: =PRICE("15/4/2005","31/7/2009",H42,6.5%,100,4) -> 75.826977 | X42: =PRICE("15/4/2005","31/7/2009",I42,6.5%,100,4) -> #VALUE! | Y42: =PRICE("15/4/2005","31/7/2009",J42,6.5%,100,4) -> #VALUE! | ... AF42: =PRICE("15/4/2005","31/7/2009",Q42,6.5%,100,4) -> #REF! | AG42: {=PRICE("15/4/2005","31/7/2009",5.75%,6.5%,100,4,{0,1,2,3,4})} -> 97.209193 | AH42: {=PRICE("15/4/2011","31/7/2011",5.75%,6.5%,100,4,{0,1,4})} -> 99.783424 | AI42: 99.783068 | AJ42: 99.783424 | AK42: #N/A | AL42: #N/A | AM42: #N/A | AN42: #N/A | AO42: #N/A | AP42: #N/A | AQ42: #N/A | AR42: #N/A | AS42: #N/A | AT42: #N/A | AU42: #N/A | AV42: #N/A | AW42: #N/A
A43: PRICEDISC | B43: DONE | C43: -0.1 | D43: 0 | E43: 1 | F43: 4 | G43: 5 | I43: ciao | J43: TRUE | K43: #N/A | L43: =#VALUE! -> #VALUE! | M43: #DIV/0! | N43: #NAME? | O43: #NULL! | P43: #NUM! | Q43: #REF! | R43: =PRICEDISC("15/4/2005","31/7/2009",5.75%,C43) -> #NUM! | S43: =PRICEDISC("15/4/2005","31/7/2009",5.75%,D43) -> #NUM! | T43: =PRICEDISC("15/4/2005","31/7/2009",5.75%,E43) -> 0.75306944 | U43: =PRICEDISC("15/4/2005","31/7/2009",5.75%,F43) -> 3.0122778 | V43: =PRICEDISC("15/4/2005","31/7/2009",5.75%,G43) -> 3.7653472 | W43: =PRICEDISC("15/4/2005","31/7/2009",5.75%,H43) -> #NUM! | X43: =PRICEDISC("15/4/2005","31/7/2009",5.75%,I43) -> #VALUE! | Y43: =PRICEDISC("15/4/2005","31/7/2009",5.75%,J43) -> #VALUE! | ... AF43: =PRICEDISC("15/4/2005","31/7/2009",5.75%,Q43) -> #REF! | AG43: {=PRICEDISC("15/4/2005","31/7/2009",5.75%,100,{0,1,2,3,4})} -> 75.306944 | AH43: {=PRICEDISC("15/4/2009","31/7/2009",5.75%,100,{0,1,2,3,4})} -> 98.306944 | AI43: 98.314384 | AJ43: 98.290972 | AK43: 98.314384 | AL43: 98.322917 | AM43: #N/A | AN43: #N/A | AO43: #N/A | AP43: #N/A | AQ43: #N/A | AR43: #N/A | AS43: #N/A | AT43: #N/A | AU43: #N/A | AV43: #N/A | AW43: #N/A
A44: PRICEMAT | B44: DONE | C44: -0.1 | D44: 0 | E44: 1 | F44: 4 | G44: 5 | I44: ciao | J44: TRUE | K44: #N/A | L44: =#VALUE! -> #VALUE! | M44: #DIV/0! | N44: #NAME? | O44: #NULL! | P44: #NUM! | Q44: #REF! | R44: =PRICEMAT("15/4/2005","31/7/2009","15/4/2000",5.75%,C44) -> #NUM! | S44: =PRICEMAT("15/4/2005","31/7/2009","15/4/2000",5.75%,D44) -> 124.69306 | T44: =PRICEMAT("15/4/2005","31/7/2009","15/4/2000",5.75%,E44) -> 0.23189927 | U44: =PRICEMAT("15/4/2005","31/7/2009","15/4/2000",5.75%,F44) -> -20.308756 | V44: =PRICEMAT("15/4/2005","31/7/2009","15/4/2000",5.75%,G44) -> -21.921879 | W44: =PRICEMAT("15/4/2005","31/7/2009","15/4/2000",5.75%,H44) -> 124.69306 | X44: =PRICEMAT("15/4/2005","31/7/2009","15/4/2000",5.75%,I44) -> #VALUE! | Y44: =PRICEMAT("15/4/2005","31/7/2009","15/4/2000",5.75%,J44) -> #VALUE! | ... AF44: =PRICEMAT("15/4/2005","31/7/2009","15/4/2000",5.75%,Q44) -> #REF! | AG44: {=PRICEMAT("15/4/2005","31/7/2009","15/4/2000",5.75%,100,{0,1,2,3,4})} -> -28.393524 | AH44: {=PRICEMAT("15/4/2009","31/7/2009","15/4/2000",5.75%,100,{0,2,3,4})} -> -46.7099 | AI44: -47.48121 | AJ44: -46.719103 | AK44: -46.664019 | AL44: #N/A | AM44: #N/A | AN44: #N/A | AO44: #N/A | AP44: #N/A | AQ44: #N/A | AR44: #N/A | AS44: #N/A | AT44: #N/A | AU44: #N/A | AV44: #N/A | AW44: #N/A
A45: PV | B45: DONE | C45: -0.1 | D45: 2 | E45: 0 | F45: 4 | G45: 5 | I45: ciao | J45: TRUE | K45: #N/A | L45: =#VALUE! -> #VALUE! | M45: #DIV/0! | N45: #NAME? | O45: #NULL! | P45: #NUM! | Q45: #REF! | R45: =PV(C45,3, 22) -> -81.783265 | S45: =PV(D45,3, 22) -> -10.592593 | T45: =PV(E45,3, 22) -> -66 | U45: =PV(F45,3, 22) -> -5.456 | V45: =PV(G45,3, 22) -> -4.3796296 | W45: =PV(H45,3, 22) -> -66 | X45: =PV(I45,3, 22) -> #VALUE! | Y45: =PV(J45,3, 22) -> -19.25 | ... AF45: =PV(Q45,3, 22) -> #REF! | AG45: {=PV(C45:G45,3, 22)} -> -81.783265 | AH45: {=PV(C45:G45,3, 22)} -> -81.783265 | AI45: -10.592593 | AJ45: -66 | AK45: -5.456 | AL45: -4.3796296 | AM45: #N/A | AN45: #N/A | AO45: #N/A | AP45: #N/A | AQ45: #N/A | AR45: #N/A | AS45: #N/A | AT45: #N/A | AU45: #N/A | AV45: #N/A | AW45: #N/A
A46: RATE | B46: DONE | C46: -0.1 | D46: 2 | E46: 0 | F46: 4 | G46: 5 | I46: ciao | J46: TRUE | K46: #N/A | L46: =#VALUE! -> #VALUE! | M46: #DIV/0! | N46: #NAME? | O46: #NULL! | P46: #NUM! | Q46: #REF! | R46: =RATE(C46,-388, 22000) -> #NUM! | S46: =RATE(D46,-388, 22000) -> -0.8580874 | T46: =RATE(E46,-388, 22000) -> #NUM! | U46: =RATE(F46,-388, 22000) -> -0.58668028 | V46: =RATE(G46,-388, 22000) -> -0.48911548 | W46: =RATE(H46,-388, 22000) -> #NUM! | X46: =RATE(I46,-388, 22000) -> #VALUE! | Y46: =RATE(J46,-388, 22000) -> -0.98236364 | ... AF46: =RATE(Q46,-388, 22000) -> #REF! | AG46: {=RATE(C46:G46,-388, 22000)} -> #NUM! | AH46: {=RATE(C46:G46,-388, 22000)} -> #NUM! | AI46: -0.8580874 | AJ46: #NUM! | AK46: -0.58668028 | AL46: -0.48911548 | AM46: #N/A | AN46: #N/A | AO46: #N/A | AP46: #N/A | AQ46: #N/A | AR46: #N/A | AS46: #N/A | AT46: #N/A | AU46: #N/A | AV46: #N/A | AW46: #N/A
A47: RECEIVED | B47: DONE | C47: 0.01 | D47: 6 | E47: 7 | F47: 4 | G47: 9 | I47: 26/8/1989 | J47: TRUE | K47: #N/A | L47: =#VALUE! -> #VALUE! | M47: #DIV/0! | N47: #NAME? | O47: #NULL! | P47: #NUM! | Q47: #REF! | R47: =RECEIVED(32000,43232,C47,0.014,1) -> 0.017559927 | S47: =RECEIVED(32000,43232,D47,0.014,1) -> 10.535956 | T47: =RECEIVED(32000,43232,E47,0.014,1) -> 12.291949 | U47: =RECEIVED(32000,43232,F47,0.014,1) -> 7.0239709 | V47: =RECEIVED(32000,43232,G47,0.014,1) -> 15.803935 | W47: =RECEIVED(32000,43232,H47,0.014,1) -> #NUM! | X47: =RECEIVED(32000,43232,I47,0.014,1) -> 57501.738 | Y47: =RECEIVED(32000,43232,J47,0.014,1) -> #VALUE! | ... AF47: =RECEIVED(32000,43232,Q47,0.014,1) -> #REF! | AG47: =RECEIVED(32000,43232,R47,C47:Q47,1) -> #VALUE! | AH47: =RECEIVED(32000,43232,R47,C47:G47,1) -> #VALUE! | AI47: =RECEIVED(32000,43232,C47:Q47,1400,1) -> #VALUE! | AJ47: {=RECEIVED(32000,43232,13567,0.01,{0,1,2,3,4})} -> 19592.122 | AK47: 19591.771 | AL47: 19719.477 | AM47: 19597.732 | AN47: 19592.122
A48: RRI | B48: DONE | C48: -0.1 | D48: 2 | E48: 0 | F48: 4 | G48: 5 | I48: ciao | J48: TRUE | K48: #N/A | L48: =#VALUE! -> #VALUE! | M48: #DIV/0! | N48: #NAME? | O48: #NULL! | P48: #NUM! | Q48: #REF! | R48: =_xlfn.RRI(12,2,1) -> -0.056125687 | S48: =_xlfn.RRI(2.5%,2000,2200) -> 44.259256 | T48: =_xlfn.RRI(2.5%,2000,-2200) -> #NUM! | U48: =_xlfn.RRI(2.5%,-2000,2200) -> #NUM! | V48: =_xlfn.RRI(-2.5%,H48,2200) -> #NUM! | W48: =_xlfn.RRI(-2.5%,I48,2200) -> #VALUE! | X48: =_xlfn.RRI(-2.5%,J48,2200) -> #NUM! | Y48: =_xlfn.RRI(-2.5%,K48,2200) -> #N/A | Z48: =_xlfn.RRI(-2.5%,L48,2200) -> #VALUE! | AA48: =_xlfn.RRI(-2.5%,M48,2200) -> #DIV/0! | AB48: =_xlfn.RRI(-2.5%,N48,2200) -> #NAME? | AC48: =_xlfn.RRI(-2.5%,O48,2200) -> #NULL! | ... AF48: =_xlfn.RRI(-2.5%,R48,2200) -> #NUM! | AG48: {=_xlfn.RRI(C48:Q48,3,2)} -> #NUM! | AH48: {=_xlfn.RRI(C48:Q48,3,2)} -> #NUM! | AI48: -0.18350342 | AJ48: #NUM! | AK48: -0.096397996 | AL48: -0.077892089 | AM48: #NUM! | AN48: #VALUE! | AO48: -0.33333333 | AP48: #N/A | AQ48: #VALUE! | AR48: #DIV/0! | AS48: #NAME? | AT48: #NULL! | AU48: #NUM! | AV48: #REF! | AW48: #N/A
A49: SLN | B49: DONE | C49: -0.1 | D49: 2 | E49: 0 | F49: 4 | G49: 5 | I49: ciao | J49: TRUE | K49: #N/A | L49: =#VALUE! -> #VALUE! | M49: #DIV/0! | N49: #NAME? | O49: #NULL! | P49: #NUM! | Q49: #REF! | R49: =SLN(12,2,0) -> #DIV/0! | S49: =SLN(2.5%,2000,2200) -> -0.90907955 | T49: =SLN(2.5%,2000,-2200) -> 0.90907955 | U49: =SLN(2.5%,-2000,2200) -> 0.90910227 | V49: =SLN(-2.5%,H49,2200) -> -1.1363636e-05 | W49: =SLN(-2.5%,I49,2200) -> #VALUE! | X49: =SLN(-2.5%,J49,2200) -> -0.00046590909 | Y49: =SLN(-2.5%,K49,2200) -> #N/A | Z49: =SLN(-2.5%,L49,2200) -> #VALUE! | AA49: =SLN(-2.5%,M49,2200) -> #DIV/0! | AB49: =SLN(-2.5%,N49,2200) -> #NAME? | AC49: =SLN(-2.5%,O49,2200) -> #NULL! | ... AF49: =SLN(-2.5%,R49,2200) -> #DIV/0! | AG49: {=SLN(C49:Q49,3,2)} -> -1.55 | AH49: {=SLN(C49:Q49,3,2)} -> -1.55 | AI49: -0.5 | AJ49: -1.5 | AK49: 0.5 | AL49: 1 | AM49: -1.5 | AN49: #VALUE! | AO49: -1 | AP49: #N/A | AQ49: #VALUE! | AR49: #DIV/0! | AS49: #NAME? | AT49: #NULL! | AU49: #NUM! | AV49: #REF! | AW49: #N/A
A50: SYD | B50: DONE | C50: -0.1 | D50: 2 | E50: 0 | F50: 4 | G50: 5 | I50: 26/8/1989 | J50: TRUE | K50: #N/A | L50: =#VALUE! -> #VALUE! | M50: #DIV/0! | N50: #NAME? | O50: #NULL! | P50: #NUM! | Q50: #REF! | R50: =SYD(12,2,1,3) -> #NUM! | S50: =SYD(2.5%,2000,2200,0.1) -> -1.8180765 | T50: =SYD(2.5%,2000,2200,0) -> #NUM! | U50: =SYD(2.5%,-2000,2200, 2201) -> #NUM! | V50: =SYD(-2.5%,H50,2200,1) -> -2.2716947e-05 | W50: =SYD(-2.5%,I50,2200,1) -> -29.755588 | X50: =SYD(200,J50,2200,1) -> 0.1808269 | Y50: =SYD(-2.5%,K50,2200,1) -> #N/A | Z50: =SYD(-2.5%,L50,2200,1) -> #VALUE! | AA50: =SYD(-2.5%,M50,2200,1) -> #DIV/0! | AB50: =SYD(-2.5%,N50,2200,1) -> #NAME? | AC50: =SYD(-2.5%,O50,2200,1) -> #NULL! | AD50: =SYD(-2.5%,P50,2200,1) -> #NUM! | AE50: =SYD(-2.5%,Q50,2200,1) -> #REF! | AF50: =SYD(-2.5%,R50,2200,1) -> #NUM! | AG50: {=SYD(C50:Q50,30,2,1)} -> -20.066667 | AH50: {=SYD(C50:Q50,3,2,2)} -> -1.0333333 | AI50: -0.33333333 | AJ50: -1 | AK50: 0.33333333 | AL50: 0.66666667 | AM50: -1 | AN50: 10914.333 | AO50: -0.66666667 | AP50: #N/A | AQ50: #VALUE! | AR50: #DIV/0! | AS50: #NAME? | AT50: #NULL! | AU50: #NUM! | AV50: #REF! | AW50: #N/A
A51: TBILLEQ | B51: DONE | C51: -0.1 | D51: 0.3 | E51: 0 | F51: 4 | G51: 5 | I51: 1/1/1900 | J51: TRUE | K51: #N/A | L51: =#VALUE! -> #VALUE! | M51: #DIV/0! | N51: #NAME? | O51: #NULL! | P51: #NUM! | Q51: #REF! | R51: =TBILLEQ(12,42,1) -> 1.1060606 | S51: =TBILLEQ("2000-1-1","2025-3-4",1) -> #NUM! | T51: =TBILLEQ(DATE(2024,4,1),DATE(2025,3,4),D51) -> 0.38836864 | U51: =TBILLEQ(DATE(2024,4,1),DATE(2025,3,4),E51) -> #NUM! | V51: =TBILLEQ(DATE(2024,4,1),DATE(2025,3,4),F51) -> #NUM! | W51: =TBILLEQ(DATE(2024,4,1),DATE(2025,3,4),G51) -> #NUM! | X51: =TBILLEQ(DATE(2024,4,1),DATE(2025,3,4),H51) -> #NUM! | Y51: =TBILLEQ(DATE(2024,4,1),DATE(2025,3,4),I51) -> 6.4204038 | Z51: =TBILLEQ(DATE(2024,4,1),DATE(2025,3,4),J51) -> #VALUE! | AA51: =TBILLEQ(DATE(2024,4,1),DATE(2025,3,4),K51) -> #N/A | ... AF51: =TBILLEQ(DATE(2024,4,1),DATE(2025,3,4),P51) -> #NUM! | AG51: =TBILLEQ(DATE(2024,4,1),DATE(2025,3,4),C51:Q51) -> #VALUE! | AH51: =TBILLEQ(DATE(2024,4,1),DATE(2025,3,4),D51:F51) -> #VALUE!
A52: TBILLPRICE | B52: DONE | C52: -0.1 | D52: 0.3 | E52: 0 | F52: 4 | G52: 5 | I52: 26/8/1989 | J52: TRUE | K52: #N/A | L52: =#VALUE! -> #VALUE! | M52: #DIV/0! | N52: #NAME? | O52: #NULL! | P52: #NUM! | Q52: #REF! | R52: =TBILLPRICE(12,42,1) -> 91.666667 | S52: =TBILLPRICE("2000-1-1","2025-3-4",1) -> #NUM! | T52: =TBILLPRICE(DATE(2024,4,1),DATE(2025,3,4),D52) -> 71.916667 | U52: =TBILLPRICE(DATE(2024,4,1),DATE(2025,3,4),E52) -> #NUM! | V52: =TBILLPRICE(DATE(2024,4,1),DATE(2025,3,4),F52) -> #NUM! | W52: =TBILLPRICE(DATE(2024,4,1),DATE(2025,3,4),G52) -> #NUM! | X52: =TBILLPRICE(DATE(2024,4,1),DATE(2025,3,4),H52) -> #NUM! | Y52: =TBILLPRICE(DATE(2024,4,1),DATE(2025,3,4),I52) -> #NUM! | Z52: =TBILLPRICE(DATE(2024,4,1),DATE(2025,3,4),J52) -> #VALUE! | AA52: =TBILLPRICE(DATE(2024,4,1),DATE(2025,3,4),K52) -> #N/A | ... AF52: =TBILLPRICE(DATE(2024,4,1),DATE(2025,3,4),P52) -> #NUM! | AG52: =TBILLPRICE(DATE(2024,4,1),DATE(2025,3,4),C52:Q52) -> #VALUE! | AH52: =TBILLPRICE(DATE(2024,4,1),DATE(2025,3,4),D52:F52) -> #VALUE!
A53: TBILLYIELD | B53: DONE | C53: -0.1 | D53: 0.3 | E53: 0 | F53: 4 | G53: 5 | I53: 26/8/1989 | J53: TRUE | K53: #N/A | L53: =#VALUE! -> #VALUE! | M53: #DIV/0! | N53: #NAME? | O53: #NULL! | P53: #NUM! | Q53: #REF! | R53: =TBILLYIELD(12,42,1) -> 1188 | S53: =TBILLYIELD("2000-1-1","2025-3-4",1) -> #NUM! | T53: =TBILLYIELD(DATE(2024,4,1),DATE(2025,3,4),D53) -> 355.01484 | U53: =TBILLYIELD(DATE(2024,4,1),DATE(2025,3,4),E53) -> #NUM! | V53: =TBILLYIELD(DATE(2024,4,1),DATE(2025,3,4),F53) -> 25.637982 | W53: =TBILLYIELD(DATE(2024,4,1),DATE(2025,3,4),G53) -> 20.296736 | X53: =TBILLYIELD(DATE(2024,4,1),DATE(2025,3,4),H53) -> #NUM! | Y53: =TBILLYIELD(DATE(2024,4,1),DATE(2025,3,4),I53) -> -1.064987 | Z53: =TBILLYIELD(DATE(2024,4,1),DATE(2025,3,4),J53) -> #VALUE! | AA53: =TBILLYIELD(DATE(2024,4,1),DATE(2025,3,4),K53) -> #N/A | ... AF53: =TBILLYIELD(DATE(2024,4,1),DATE(2025,3,4),P53) -> #NUM! | AG53: =TBILLYIELD(DATE(2024,4,1),DATE(2025,3,4),C53:Q53) -> #VALUE! | AH53: =TBILLYIELD(DATE(2024,4,1),DATE(2025,3,4),D53:F53) -> #VALUE!
A54: VDB | B54: DONE | C54: 4.2 | D54: -3 | E54: 7 | F54: 4 | G54: 9 | I54: 26/1/1900 | J54: TRUE | K54: #N/A | L54: =#VALUE! -> #VALUE! | M54: #DIV/0! | N54: #NAME? | O54: #NULL! | P54: #NUM! | Q54: #REF! | R54: =VDB(2400,300,10*12,C54,18,1.4,TRUE) -> 341.59974 | S54: =VDB(2400,300,10*12,D54,18) -> #NUM! | T54: =VDB(2400,300,10*12,E54,18,1.3,FALSE) -> 251.10613 | U54: =VDB(2400,300,10*12,F54,18) -> 470.48126 | V54: =VDB(2400,300,10*12,G54,18) -> 289.61513 | W54: =VDB(2400,300,10*12,H54,18) -> 626.52552 | X54: =VDB(2400,300,10*12,I54,18) -> #NUM! | Y54: =VDB(2400,300,10*12,J54,18) -> 586.52552 | Z54: =VDB(2400,300,10*12,K54,18) -> #N/A | AA54: =VDB(2400,300,10*12,L54,18) -> #VALUE! | AB54: =VDB(2400,300,10*12,M54,18) -> #DIV/0! | ... AF54: =VDB(2400,300,10*12,Q54,18) -> #REF! | AG54: {=VDB(2400,300,10*12,C54:G54,18,2,1)} -> 463.0014 | AH54: {=VDB(2400,C54:Q54,10*12,6,18,3.3,1)} -> 577.38559 | AI54: #NUM! | AJ54: 577.38559 | AK54: 577.38559 | AL54: 577.38559 | AM54: 577.38559 | AN54: 577.38559 | AO54: 577.38559 | AP54: #N/A | AQ54: #VALUE! | AR54: #DIV/0! | AS54: #NAME? | AT54: #NULL! | AU54: #NUM! | AV54: #REF! | AW54: #N/A
A55: XIRR | B55: DONE | C55: 1 | D55: 99 | E55: 55 | F55: 4 | G55: 9 | I55: 32015 | J55: TRUE | K55: #N/A | L55: =#VALUE! -> #VALUE! | M55: #DIV/0! | N55: #NAME? | O55: #NULL! | P55: #NUM! | Q55: #REF! | R55: =XIRR(C56:G56,C55:G55,C55) -> 0.59931975 | S55: =XIRR(C57,$C$56:$G$56,$C$55:$G$55) -> #VALUE! | T55: =XIRR(D56:H56,D55:H55) -> #NUM! | U55: =XIRR({-10,#N/A,1,2,7},{3,#REF!,7,4,9}) -> #REF! | V55: =XIRR({-10,#N/A,1,2,7},{3,#VALUE!,7,4,9},#REF!) -> #REF! | W55: =XIRR($C$56:$G$56,$C$55:$G$55,I57) -> #VALUE! | X55: =XIRR($C$56:$G$56,$C$55:$G$55,"26/08/1987") -> 0.59931975 | Y55: =XIRR($C$56:$G$56,$C$55:$G$55,TRUE) -> #VALUE! | Z55: =XIRR($C$56:$G$56,$C$55:$G$55,TRUE) -> #VALUE! | AA55: =XIRR($C$56:$G$56,$C$55:$G$55,#N/A) -> #N/A | AB55: =XIRR($C$56:$G$56,$C$55:$G$55,#VALUE!) -> #VALUE! | AC55: =XIRR($C$56:$G$56,$C$55:$G$55,#DIV/0!) -> #DIV/0! | AD55: =XIRR($C$56:H$56,$C$55:H$55) -> 0.59931975 | AE55: =XIRR($C$56:I$56,$C$55:I$55) -> 0.59931975 | AF55: =XIRR($C$56:J$56,$C$55:J$55) -> #VALUE! | AG55: =XIRR($C$56:J$56,$C$55:J$55) -> #VALUE! | AH55: {=XIRR($C$56:$G$56,$C$55:$G$55,D56)} -> 0.59931975 | AI55: 0.59931975 | AJ55: 0.59931975 | AK55: 0.59931975 | AL55: 0.59931975 | AM55: 0.59931975 | AN55: 0.59931975 | AO55: 0.59931975 | AP55: 0.59931975 | AQ55: 0.59931975 | AR55: 0.59931975 | AS55: 0.59931975 | AT55: 0.59931975 | AU55: 0.59931975 | AV55: 0.59931975 | AW55: 0.59931975
C56: -10 | D56: 1 | E56: 5 | F56: 0.0001 | G56: 4.5 | I56: 1 | J56: TRUE | K56: #N/A | L56: =#VALUE! -> #VALUE! | M56: #DIV/0! | N56: #NAME? | O56: #NULL! | P56: #NUM! | Q56: #REF! | R56: =XIRR(C55:G55,C56:G56,D56) -> #NUM! | S56: =XIRR($C$56:$G$56,$C$55:$G$55,-0.1) -> #NUM! | T56: =XIRR($C$56:$G$56,$C$55:$G$55,D56) -> 0.59931975 | U56: =XIRR($C$56:$G$56,$C$55:$G$55,E57) -> 0.59931976 | V56: =XIRR($C$56:$G$56,$C$55:$G$55,F57) -> 0.59931975 | W56: =XIRR($C$56:$G$56,$C$55:$G$55,H57) -> 0.59931976 | X56: =XIRR($C$56:$G$56,$C$55:$G$55,I56) -> 0.59931975 | Y56: =XIRR($C$56:$G$56,$C$55:$G$55,J57) -> #VALUE! | Z56: =XIRR($C$56:$G$56,$C$55:$G$55,K57) -> #N/A | AA56: =XIRR($C$56:$G$56,$C$55:$G$55,L57) -> #VALUE! | AB56: =XIRR($C$56:$G$56,$C$55:$G$55,M57) -> #DIV/0! | AC56: =XIRR($C$56:$G$56,$C$55:$G$55,N57) -> #NAME? | AD56: =XIRR($C$56:$G$56,$C$55:$G$55,O57) -> #NULL! | AE56: =XIRR($C$56:$G$56,$C$55:$G$55,P57) -> #NUM! | AF56: =XIRR($C$56:$G$56,$C$55:$G$55,Q57) -> #REF! | AG56: =XIRR($C$56:$G$56,$C$55:$G$55,D57:Q57) -> #VALUE! | AH56: {=XIRR($C$56:$G$56,$C$55:$G$55,C57:Q57)} -> #VALUE! | AI56: #VALUE! | AJ56: #VALUE! | AK56: #VALUE! | AL56: #VALUE! | AM56: #VALUE! | AN56: #VALUE! | AO56: #VALUE! | AP56: #VALUE! | AQ56: #VALUE! | AR56: #VALUE! | AS56: #VALUE! | AT56: #VALUE! | AU56: #VALUE! | AV56: #VALUE! | AW56: #VALUE!
A57: XNPV | B57: DONE | C57: -0.1 | D57: 2 | E57: 0 | F57: 4 | G57: 5 | I57: ciao | J57: TRUE | K57: #N/A | L57: =#VALUE! -> #VALUE! | M57: #DIV/0! | N57: #NAME? | O57: #NULL! | P57: #NUM! | Q57: #REF! | R57: =XNPV(R55,C56:G56,C55:G55) -> 4.5941642e-09 | S57: =XNPV(C57,$C$56:$G$56,$C$55:$G$55) -> #NUM! | T57: =XNPV(D57,$C$56:$G$56,$C$55:$G$55) -> -0.61247484 | U57: =XNPV(E57,$C$56:$G$56,$C$55:$G$55) -> #NUM! | V57: =XNPV(F57,$C$56:$G$56,$C$55:$G$55) -> -1.0661584 | W57: =XNPV(G57,$C$56:$G$56,$C$55:$G$55) -> -1.2193651 | X57: =XNPV(H57,$C$56:$G$56,$C$55:$G$55) -> #NUM! | Y57: =XNPV(I57,$C$56:$G$56,$C$55:$G$55) -> #VALUE! | Z57: =XNPV(J57,$C$56:$G$56,$C$55:$G$55) -> #VALUE! | ... AF57: =XNPV(P57,$C$56:$G$56,$C$55:$G$55) -> #NUM! | AG57: =XNPV(D57:E57,$C$56:$G$56,$C$55:$G$55) -> #VALUE! | AH57: {=XNPV(D57:Q57,$C$56:$G$56,$C$55:$G$55)} -> #VALUE! | AI57: #VALUE! | AJ57: #VALUE! | AK57: #VALUE! | AL57: #VALUE! | AM57: #VALUE! | AN57: #VALUE! | AO57: #VALUE! | AP57: #VALUE! | AQ57: #VALUE! | AR57: #VALUE! | AS57: #VALUE! | AT57: #VALUE! | AU57: #VALUE! | AV57: #VALUE! | AW57: #VALUE!
A58: YIELD | B58: DONE | C58: -0.1 | D58: 0 | E58: 1 | F58: 4 | G58: 5 | I58: ciao | J58: TRUE | K58: #N/A | L58: =#VALUE! -> #VALUE! | M58: #DIV/0! | N58: #NAME? | O58: #NULL! | P58: #NUM! | Q58: #REF! | R58: =YIELD("15/4/2005","31/7/2009",C58,6.5%,100,4) -> #NUM! | S58: =YIELD("15/4/2005","31/7/2009",D58,6.5%,100,4) -> 2.133601 | T58: =YIELD("15/4/2005","31/7/2009",E58,6.5%,100,4) -> 24.775835 | U58: =YIELD("15/4/2005","31/7/2009",F58,6.5%,100,4) -> 24.981806 | V58: =YIELD("15/4/2005","31/7/2009",G58,6.5%,100,4) -> 24.995637 | W58: =YIELD("15/4/2005","31/7/2009",H58,6.5%,100,4) -> 2.133601 | X58: =YIELD("15/4/2005","31/7/2009",I58,6.5%,100,4) -> #VALUE! | Y58: =YIELD("15/4/2005","31/7/2009",J58,6.5%,100,4) -> #VALUE! | ... AF58: =YIELD("15/4/2005","31/7/2009",Q58,6.5%,100,4) -> #REF! | AG58: {=YIELD("15/4/2005","31/7/2009",5.75%,6.5%,100,4,{0,1,2,3,4})} -> 20.888741 | AH58: {=YIELD("15/4/2011","31/7/2011",5.75%,1200,100,4,{0,1,4})} -> #NUM! | AI58: #NUM! | AJ58: #NUM! | AK58: #N/A | AL58: #N/A | AM58: #N/A | AN58: #N/A | AO58: #N/A | AP58: #N/A | AQ58: #N/A | AR58: #N/A | AS58: #N/A | AT58: #N/A | AU58: #N/A | AV58: #N/A | AW58: #N/A
A59: YIELDDISC | B59: DONE | C59: -0.1 | D59: 0 | E59: 1 | F59: 4 | G59: 5 | I59: ciao | J59: TRUE | K59: #N/A | L59: =#VALUE! -> #VALUE! | M59: #DIV/0! | N59: #NAME? | O59: #NULL! | P59: #NUM! | Q59: #REF! | R59: =YIELDDISC("15/4/2005","31/7/2009",5.75%,C59) -> #NUM! | S59: =YIELDDISC("15/4/2005","31/7/2009",5.75%,D59) -> #NUM! | T59: =YIELDDISC("15/4/2005","31/7/2009",5.75%,E59) -> 3.8168626 | U59: =YIELDDISC("15/4/2005","31/7/2009",5.75%,F59) -> 15.966027 | V59: =YIELDDISC("15/4/2005","31/7/2009",5.75%,G59) -> 20.015749 | W59: =YIELDDISC("15/4/2005","31/7/2009",5.75%,H59) -> #NUM! | X59: =YIELDDISC("15/4/2005","31/7/2009",5.75%,I59) -> #VALUE! | Y59: =YIELDDISC("15/4/2005","31/7/2009",5.75%,J59) -> #VALUE! | ... AF59: =YIELDDISC("15/4/2005","31/7/2009",5.75%,Q59) -> #REF! | AG59: {=YIELDDISC("15/4/2005","31/7/2009",5.75%,100,{0,1,2,3,4})} -> 404.7393 | AH59: {=YIELDDISC("15/4/2009","31/7/2009",5.75%,100,{0,1,2,3,4})} -> 5903.0845 | AI59: 5929.1365 | AJ59: 5847.9155 | AK59: 5929.1365 | AL59: 5959.3043 | AM59: #N/A | AN59: #N/A | AO59: #N/A | AP59: #N/A | AQ59: #N/A | AR59: #N/A | AS59: #N/A | AT59: #N/A | AU59: #N/A | AV59: #N/A | AW59: #N/A
A60: YIELDMAT | B60: DONE | C60: -0.1 | D60: 0 | E60: 1 | F60: 4 | G60: 5 | I60: ciao | J60: TRUE | K60: #N/A | L60: =#VALUE! -> #VALUE! | M60: #DIV/0! | N60: #NAME? | O60: #NULL! | P60: #NUM! | Q60: #REF! | R60: =YIELDMAT("15/4/2005","31/7/2009","15/4/2000",5.75%,C60) -> #NUM! | S60: =YIELDMAT("15/4/2005","31/7/2009","15/4/2000",5.75%,D60) -> #NUM! | T60: =YIELDMAT("15/4/2005","31/7/2009","15/4/2000",5.75%,E60) -> 0.96816942 | U60: =YIELDMAT("15/4/2005","31/7/2009","15/4/2000",5.75%,F60) -> 0.85815155 | V60: =YIELDMAT("15/4/2005","31/7/2009","15/4/2000",5.75%,G60) -> 0.82582531 | W60: =YIELDMAT("15/4/2005","31/7/2009","15/4/2000",5.75%,H60) -> #NUM! | X60: =YIELDMAT("15/4/2005","31/7/2009","15/4/2000",5.75%,I60) -> #VALUE! | Y60: =YIELDMAT("15/4/2005","31/7/2009","15/4/2000",5.75%,J60) -> #VALUE! | ... AF60: =YIELDMAT("15/4/2005","31/7/2009","15/4/2000",5.75%,Q60) -> #REF! | AG60: {=YIELDMAT("15/4/2005","31/7/2009","15/4/2000",5.75%,100,{0,1,2,3,4})} -> 0.044660194 | AH60: {=YIELDMAT("15/4/2009","31/7/2009","15/4/2000",5.75%,100,{0,2,3,4})} -> 0.037891269 | AI60: 0.037704746 | AJ60: 0.037883403 | AK60: 0.037891269 | AL60: #N/A | AM60: #N/A | AN60: #N/A | AO60: #N/A | AP60: #N/A | AQ60: #N/A | AR60: #N/A | AS60: #N/A | AT60: #N/A | AU60: #N/A | AV60: #N/A | AW60: #N/A

Sheet INFORMATION
A1: COVERAGE | B1: =COUNTIF(B3:B278,"=DONE")/COUNTA(A3:A278) -> 0.72727273 | C1: INPUTS | R1: EVAL
A2: FUNCTION | B2: STATUS | C2: NUMERIC | H2: EMPTY | I2: STRING | J2: BOOL | K2: ERROR | R2: NUMERIC | W2: EMPTY | X2: STRING | Y2: BOOL | Z2: ERROR | AG2: ARRAY -> VALUE | AH2: ARRAY -> ARRAY
A3: CELL
A4: ERROR.TYPE | B4: DONE | C4: 0 | D4: 1 | E4: 2.3 | F4: 10 | G4: -1 | I4: ciao | J4: TRUE | K4: #VALUE! | L4: #N/A | M4: #DIV/0! | N4: #NAME? | O4: #NULL! | P4: #NUM! | Q4: #REF! | R4: =ERROR.TYPE(C4) -> #N/A | S4: =ERROR.TYPE(D4) -> #N/A | T4: =ERROR.TYPE(#GETTING_DATA) -> 8 | U4: =ERROR.TYPE(F4) -> #N/A | V4: =ERROR.TYPE(G4) -> #N/A | W4: =ERROR.TYPE(H4) -> #N/A | X4: =ERROR.TYPE(I4) -> #N/A | Y4: =ERROR.TYPE(J4) -> #N/A | Z4: =ERROR.TYPE(K4) -> 3 | AA4: =ERROR.TYPE(L4) -> 7 | AB4: =ERROR.TYPE(M4) -> 2 | ... AF4: =ERROR.TYPE(Q4) -> 4 | AG4: {=ERROR.TYPE(C4:Q4)} -> #N/A | AH4: {=ERROR.TYPE(H4:Q4)} -> #N/A | AI4: {=ERROR.TYPE(D4:Q4)} -> #N/A | AJ4: #N/A | AK4: #N/A | AL4: #N/A | AM4: #N/A | AN4: #N/A | AO4: #N/A | AP4: 3 | AQ4: 7 | AR4: 2 | AS4: 5 | AT4: 1 | AU4: 6 | AV4: 4 | AW4: #N/A
A5: INFO
A6: ISBLANK | B6: DONE | C6: 0 | D6: 1 | E6: 2.3 | F6: 10 | G6: -1 | I6: ciao | J6: TRUE | K6: #VALUE! | L6: #N/A | M6: #DIV/0! | N6: #NAME? | O6: #NULL! | P6: #NUM! | Q6: #REF! | R6: =ISBLANK(C6) -> FALSE | S6: =ISBLANK(D6) -> FALSE | T6: =ISBLANK(E6) -> FALSE | U6: =ISBLANK(F6) -> FALSE | V6: =ISBLANK(G6) -> FALSE | W6: =ISBLANK(H6) -> TRUE | X6: =ISBLANK(I6) -> FALSE | Y6: =ISBLANK(J6) -> FALSE | ... AF6: =ISBLANK(Q6) -> FALSE | AG6: {=ISBLANK(C6:Q6)} -> FALSE | AH6: {=ISBLANK(H6:Q6)} -> TRUE | AI6: {=ISBLANK(D6:Q6)} -> FALSE | AJ6: FALSE | AK6: FALSE | AL6: FALSE | AM6: TRUE | AN6: FALSE | AO6: FALSE | AP6: FALSE | AQ6: FALSE | AR6: FALSE | AS6: FALSE | AT6: FALSE | AU6: FALSE | AV6: FALSE | AW6: FALSE
A7: ISERR | B7: DONE | C7: 0 | D7: 1 | E7: 2.3 | F7: 10 | G7: -1 | I7: ciao | J7: TRUE | K7: #VALUE! | L7: #N/A | M7: #DIV/0! | N7: #NAME? | O7: #NULL! | P7: #NUM! | Q7: #REF! | R7: =ISERR(C7) -> FALSE | S7: =ISERR(D7) -> FALSE | T7: =ISERR(E7) -> FALSE | U7: =ISERR(F7) -> FALSE | V7: =ISERR(G7) -> FALSE | W7: =ISERR(H7) -> FALSE | X7: =ISERR(I7) -> FALSE | Y7: =ISERR(J7) -> FALSE | ... AF7: =ISERR(Q7) -> TRUE | AG7: {=ISERR(C7:E7)} -> FALSE | AH7: {=ISERR(C7:Q7)} -> FALSE | AI7: FALSE | AJ7: FALSE | AK7: FALSE | AL7: FALSE | AM7: FALSE | AN7: FALSE | AO7: FALSE | AP7: TRUE | AQ7: FALSE | AR7: TRUE | AS7: TRUE | AT7: TRUE | AU7: TRUE | AV7: TRUE | AW7: FALSE
A8: ISERROR | B8: DONE | C8: 0 | D8: 1 | E8: 2.3 | F8: 10 | G8: -1 | I8: ciao | J8: TRUE | K8: #VALUE! | L8: #N/A | M8: #DIV/0! | N8: #NAME? | O8: #NULL! | P8: #NUM! | Q8: #REF! | R8: =ISERROR(C8) -> FALSE | S8: =ISERROR(D8) -> FALSE | T8: =ISERROR(E8) -> FALSE | U8: =ISERROR(F8) -> FALSE | V8: =ISERROR(G8) -> FALSE | W8: =ISERROR(H8) -> FALSE | X8: =ISERROR(I8) -> FALSE | Y8: =ISERROR(J8) -> FALSE | ... AF8: =ISERROR(Q8) -> TRUE | AG8: {=ISERR(C8:E8)} -> FALSE | AH8: {=ISERROR(C8:Q8)} -> FALSE | AI8: FALSE | AJ8: FALSE | AK8: FALSE | AL8: FALSE | AM8: FALSE | AN8: FALSE | AO8: FALSE | AP8: TRUE | AQ8: TRUE | AR8: TRUE | AS8: TRUE | AT8: TRUE | AU8: TRUE | AV8: TRUE | AW8: TRUE
A9: ISEVEN | B9: DONE | C9: 0 | D9: 1 | E9: 2.3 | F9: 10 | G9: -1 | I9: 1/1/1900 | J9: TRUE | K9: #VALUE! | L9: #N/A | M9: #DIV/0! | N9: #NAME? | O9: #NULL! | P9: #NUM! | Q9: #REF! | R9: =ISEVEN(C9) -> TRUE | S9: =ISEVEN(D9) -> FALSE | T9: =ISEVEN(E9) -> TRUE | U9: =ISEVEN(F9) -> TRUE | V9: =ISEVEN(G9) -> FALSE | W9: =ISEVEN(H9) -> TRUE | X9: =ISEVEN(I9) -> FALSE | Y9: =ISEVEN(J9) -> #VALUE! | ... AF9: =ISEVEN(Q9) -> #REF! | AG9: =ISEVEN(C9:Q9) -> #VALUE! | AH9: {=ISEVEN(C9:J9)} -> #VALUE! | AI9: #VALUE! | AJ9: #VALUE! | AK9: {=ISEVEN(C9:G9)} -> #VALUE! | AL9: #VALUE! | AM9: #VALUE! | AN9: #VALUE! | AO9: {=ISEVEN(M9:Q9)} -> #VALUE! | AP9: #VALUE! | AQ9: #VALUE! | AR9: #VALUE! | AS9: #VALUE! | AT9: #VALUE! | AU9: #VALUE! | AV9: #VALUE! | AW9: #VALUE!
A10: ISFORMULA | B10: DONE | C10: 0 | D10: 1 | E10: 2.3 | F10: =10 -> 10 | G10: -1 | I10: 1/1/1900 | J10: TRUE | K10: =#VALUE! -> #VALUE! | L10: #N/A | M10: #DIV/0! | N10: #NAME? | O10: #NULL! | P10: #NUM! | Q10: #REF! | R10: =_xlfn.ISFORMULA(C10) -> FALSE | S10: =_xlfn.ISFORMULA(D10) -> FALSE | T10: =_xlfn.ISFORMULA(E10) -> FALSE | U10: =_xlfn.ISFORMULA(F10) -> TRUE | V10: =_xlfn.ISFORMULA(G10) -> FALSE | W10: =_xlfn.ISFORMULA(H10) -> FALSE | X10: =_xlfn.ISFORMULA(I10) -> FALSE | Y10: =_xlfn.ISFORMULA(J10) -> FALSE | ... AF10: =_xlfn.ISFORMULA(Q10) -> FALSE | AG10: {=_xlfn.ISFORMULA(C10:Q10)} -> FALSE | AH10: {=_xlfn.ISFORMULA(C10:J10)} -> FALSE | AI10: FALSE | AJ10: FALSE | AK10: TRUE | AL10: FALSE | AM10: FALSE | AN10: FALSE | AO10: FALSE | AP10: #N/A | AQ10: #N/A | AR10: #N/A | AS10: #N/A | AT10: #N/A | AU10: #N/A | AV10: #N/A | AW10: #N/A
A11: ISLOGICAL | B11: DONE | C11: 0 | D11: 1 | E11: 2.3 | F11: 10 | G11: -1 | I11: 1/1/1900 | J11: TRUE | K11: #VALUE! | L11: #N/A | M11: #DIV/0! | N11: #NAME? | O11: #NULL! | P11: #NUM! | Q11: #REF! | R11: =ISLOGICAL(C11) -> FALSE | S11: =ISLOGICAL(D11) -> FALSE | T11: =ISLOGICAL(E11) -> FALSE | U11: =ISLOGICAL(F11) -> FALSE | V11: =ISLOGICAL(G11) -> FALSE | W11: =ISLOGICAL(H11) -> FALSE | X11: =ISLOGICAL(I11) -> FALSE | Y11: =ISLOGICAL(J11) -> TRUE | ... AF11: =ISLOGICAL(Q11) -> FALSE | AG11: {=ISLOGICAL(J11:Q11)} -> TRUE | AH11: {=ISLOGICAL(C11:Q11)} -> FALSE | AI11: FALSE | AJ11: FALSE | AK11: {=ISLOGICAL(H11:L11)} -> FALSE | AL11: FALSE | AM11: TRUE | AN11: FALSE | AO11: {=ISLOGICAL(M11:Q11)} -> FALSE | AP11: FALSE | AQ11: FALSE | AR11: FALSE | AS11: FALSE | AT11: FALSE | AU11: FALSE | AV11: FALSE | AW11: FALSE
A12: ISNA | B12: DONE | C12: 0 | D12: 1 | E12: 2.3 | F12: 10 | G12: -1 | I12: ciao | J12: TRUE | K12: #VALUE! | L12: #N/A | M12: #DIV/0! | N12: #NAME? | O12: #NULL! | P12: #NUM! | Q12: #REF! | R12: =ISNA(C12) -> FALSE | S12: =ISNA(D12) -> FALSE | T12: =ISNA(E12) -> FALSE | U12: =ISNA(F12) -> FALSE | V12: =ISNA(G12) -> FALSE | W12: =ISNA(H12) -> FALSE | X12: =ISNA(I12) -> FALSE | Y12: =ISNA(J12) -> FALSE | ... AF12: =ISNA(Q12) -> FALSE | AG12: {=ISNA(C12:E12)} -> FALSE | AH12: {=ISNA(C12:Q12)} -> FALSE | AI12: FALSE | AJ12: FALSE | AK12: FALSE | AL12: FALSE | AM12: FALSE | AN12: FALSE | AO12: FALSE | AP12: FALSE | AQ12: TRUE | AR12: FALSE | AS12: FALSE | AT12: FALSE | AU12: FALSE | AV12: FALSE | AW12: TRUE
A13: ISNONTEXT | B13: DONE | C13: 0 | D13: 1 | E13: 2.3 | F13: 10 | G13: -1 | I13: 1/1/1900 | J13: TRUE | K13: #VALUE! | L13: #N/A | M13: #DIV/0! | N13: #NAME? | O13: #NULL! | P13: #NUM! | Q13: #REF! | R13: =ISNONTEXT(C13) -> TRUE | S13: =ISNONTEXT(D13) -> TRUE | T13: =ISNONTEXT(E13) -> TRUE | U13: =ISNONTEXT(F13) -> TRUE | V13: =ISNONTEXT(G13) -> TRUE | W13: =ISNONTEXT(H13) -> TRUE | X13: =ISNONTEXT(I13) -> FALSE | Y13: =ISNONTEXT(J13) -> TRUE | ... AF13: =ISNONTEXT(Q13) -> TRUE | AG13: {=ISNONTEXT(I13:Q13)} -> FALSE | AH13: {=ISNONTEXT(C13:Q13)} -> TRUE | AI13: TRUE | AJ13: TRUE | AK13: {=ISNONTEXT(F13:J13)} -> TRUE | AL13: TRUE | AM13: TRUE | AN13: FALSE | AO13: {=ISNONTEXT(M13:Q13)} -> TRUE | AP13: TRUE | AQ13: TRUE | AR13: TRUE | AS13: TRUE | AT13: TRUE | AU13: TRUE | AV13: TRUE | AW13: TRUE
A14: ISNUMBER | B14: DONE | C14: 0 | D14: 1 | E14: 2.3 | F14: 10 | G14: -1 | I14: ciao | J14: TRUE | K14: #VALUE! | L14: #N/A | M14: #DIV/0! | N14: #NAME? | O14: #NULL! | P14: #NUM! | Q14: #REF! | R14: =ISNUMBER(C14) -> TRUE | S14: =ISNUMBER(D14) -> TRUE | T14: =ISNUMBER(E14) -> TRUE | U14: =ISNUMBER(F14) -> TRUE | V14: =ISNUMBER(G14) -> TRUE | W14: =ISNUMBER(H14) -> FALSE | X14: =ISNUMBER(I14) -> FALSE | Y14: =ISNUMBER(J14) -> FALSE | ... AF14: =ISNUMBER(Q14) -> FALSE | AG14: {=ISNUMBER(C14:Q14)} -> TRUE | AH14: {=ISNUMBER(C14:P14)} -> TRUE | AI14: TRUE | AJ14: TRUE | AK14: TRUE | AL14: TRUE | AM14: FALSE | AN14: FALSE | AO14: FALSE | AP14: FALSE | AQ14: FALSE | AR14: FALSE | AS14: FALSE | AT14: FALSE | AU14: FALSE | AV14: FALSE | AW14: FALSE
A15: ISODD | B15: DONE | C15: 0 | D15: 1 | E15: 2.3 | F15: 10 | G15: -1 | I15: 1/1/1900 | J15: TRUE | K15: #VALUE! | L15: #N/A | M15: #DIV/0! | N15: #NAME? | O15: #NULL! | P15: #NUM! | Q15: #REF! | R15: =ISODD(C15) -> FALSE | S15: =ISODD(D15) -> TRUE | T15: =ISODD(E15) -> FALSE | U15: =ISODD(F15) -> FALSE | V15: =ISODD(G15) -> TRUE | W15: =ISODD(H15) -> FALSE | X15: =ISODD(I15) -> TRUE | Y15: =ISODD(J15) -> #VALUE! | ... AF15: =ISODD(Q15) -> #REF! | AG15: =ISODD(C15:Q15) -> #VALUE! | AH15: {=ISODD(C15:Q15)} -> #VALUE! | AI15: #VALUE! | AJ15: #VALUE! | AK15: {=ISODD(C15:G15)} -> #VALUE! | AL15: #VALUE! | AM15: #VALUE! | AN15: #VALUE! | AO15: {=ISODD(M15:Q15)} -> #VALUE! | AP15: #VALUE! | AQ15: #VALUE! | AR15: #VALUE! | AS15: #VALUE! | AT15: #VALUE! | AU15: #VALUE! | AV15: #VALUE! | AW15: #VALUE!
A16: ISOMITTED
A17: ISREF | B17: DONE | C17: 0 | D17: 1 | E17: 2.3 | F17: 10 | G17: -1 | I17: ciao | J17: TRUE | K17: #VALUE! | L17: #N/A | M17: #DIV/0! | N17: #NAME? | O17: #NULL! | P17: #NUM! | Q17: #REF! | R17: =ISREF(0) -> FALSE | S17: =ISREF(D17) -> TRUE | T17: =ISREF(E17) -> TRUE | U17: =ISREF(F17) -> TRUE | V17: =ISREF(G17) -> TRUE | W17: =ISREF("") -> FALSE | X17: =ISREF(I17) -> TRUE | Y17: =ISREF(J17) -> TRUE | Z17: =ISREF(K17) -> TRUE | AA17: =ISREF(L17) -> TRUE | AB17: =ISREF(M17) -> TRUE | AC17: =ISREF(N17) -> TRUE | AD17: =ISREF(O17) -> TRUE | AE17: =ISREF(P17) -> TRUE | AF17: =ISREF(Q17) -> TRUE | AG17: {=ISREF(C17:E17)} -> TRUE | AH17: {=ISREF(C17:Q17)} -> TRUE | AI17: TRUE | AJ17: TRUE | AK17: TRUE | AL17: TRUE | AM17: TRUE | AN17: TRUE | AO17: TRUE | AP17: TRUE | AQ17: TRUE | AR17: TRUE | AS17: TRUE | AT17: TRUE | AU17: TRUE | AV17: TRUE | AW17: TRUE
A18: ISTEXT | B18: DONE | C18: 0 | D18: 1 | E18: 2.3 | F18: 10 | G18: -1 | I18: 1/1/1900 | J18: TRUE | K18: #VALUE! | L18: #N/A | M18: #DIV/0! | N18: #NAME? | O18: #NULL! | P18: #NUM! | Q18: #REF! | R18: =ISTEXT(C18) -> FALSE | S18: =ISTEXT(D18) -> FALSE | T18: =ISTEXT(E18) -> FALSE | U18: =ISTEXT(F18) -> FALSE | V18: =ISTEXT(G18) -> FALSE | W18: =ISTEXT(H18) -> FALSE | X18: =ISTEXT(I18) -> TRUE | Y18: =ISTEXT(J18) -> FALSE | ... AF18: =ISTEXT(Q18) -> FALSE | AG18: {=ISTEXT(I18:Q18)} -> TRUE | AH18: {=ISTEXT(C18:Q18)} -> FALSE | AI18: FALSE | AJ18: FALSE | AK18: {=ISTEXT(F18:J18)} -> FALSE | AL18: FALSE | AM18: FALSE | AN18: TRUE | AO18: {=ISTEXT(M18:Q18)} -> FALSE | AP18: FALSE | AQ18: FALSE | AR18: FALSE | AS18: FALSE | AT18: FALSE | AU18: FALSE | AV18: FALSE | AW18: FALSE
A19: N | B19: DONE | C19: 4 | D19: 1 | E19: 2.3 | F19: 10 | G19: -1 | I19: 1/1/1900 | J19: TRUE | K19: #VALUE! | L19: #N/A | M19: #DIV/0! | N19: #NAME? | O19: #NULL! | P19: #NUM! | Q19: #REF! | R19: =N(C19) -> 4 | S19: =N(D19) -> 1 | T19: =N(E19) -> 2.3 | U19: =N(F19) -> 10 | V19: =N(G19) -> -1 | W19: =N(H19) -> 0 | X19: =N(I19) -> 0 | Y19: =N(J19) -> 1 | ... AF19: =N(Q19) -> #REF! | AG19: {=N(I19:Q19)} -> 0 | AH19: {=N(C19:Q19)} -> 4 | AI19: 4 | AJ19: 4 | AK19: 4 | AL19: 4 | AM19: 4 | AN19: 4 | AO19: 4 | AP19: 4 | AQ19: 4 | AR19: 4 | AS19: 4 | AT19: 4 | AU19: 4 | AV19: 4 | AW19: 4
A20: NA | B20: DONE | W20: =NA() -> #N/A | AH20: {=NA()} -> #N/A | AI20: #N/A | AJ20: #N/A | AK20: #N/A | AL20: #N/A | AM20: #N/A | AN20: #N/A | AO20: #N/A | AP20: #N/A | AQ20: #N/A | AR20: #N/A | AS20: #N/A | AT20: #N/A | AU20: #N/A | AV20: #N/A | AW20: #N/A
A21: SHEET
A22: SHEETS
A23: STOCKHISTORY
A24: TYPE | B24: DONE | C24: 0 | D24: 1 | E24: 2.3 | F24: 10 | G24: -1 | I24: ciao | J24: TRUE | K24: #VALUE! | L24: #N/A | M24: #DIV/0! | N24: #NAME? | O24: #NULL! | P24: #NUM! | Q24: #REF! | R24: =TYPE(C24) -> 1 | S24: =TYPE(_xleta.SUM) -> 128 | T24: =TYPE(E24) -> 1 | U24: =TYPE(F24) -> 1 | V24: =TYPE(G24) -> 1 | W24: =TYPE(H24) -> 1 | X24: =TYPE(I24) -> 2 | Y24: =TYPE(J24) -> 4 | Z24: =TYPE(K24) -> 16 | AA24: =TYPE(L24) -> 16 | ... AF24: =TYPE(Q24) -> 16 | AG24: {=TYPE(C24:Q24)} -> 64 | AH24: {=TYPE(H24:Q24)} -> 64 | AI24: {=TYPE(D24:Q24)} -> 64 | AJ24: 64 | AK24: 64 | AL24: 64 | AM24: 64 | AN24: 64 | AO24: 64 | AP24: 64 | AQ24: 64 | AR24: 64 | AS24: 64 | AT24: 64 | AU24: 64 | AV24: 64 | AW24: 64

Sheet LOGICAL
A1: COVERAGE | B1: =COUNTIF(B3:B282,"=DONE")/COUNTA(A3:A282) -> 1 | C1: INPUTS | R1: EVAL
A2: FUNCTION | B2: STATUS | C2: NUMERIC | H2: EMPTY | I2: STRING | J2: BOOL | K2: ERROR | R2: NUMERIC | W2: EMPTY | X2: STRING | Y2: BOOL | Z2: ERROR | AG2: ARRAY -> VALUE | AH2: ARRAY -> ARRAY
A3: AND | B3: DONE | C3: 0 | D3: 1 | E3: 2.3 | F3: 0 | G3: -1 | I3: 0 | J3: =FALSE -> FALSE | K3: =#VALUE! -> #VALUE! | L3: #N/A | M3: #DIV/0! | N3: #NAME? | O3: #NULL! | P3: #NUM! | Q3: #REF! | R3: =AND(C3,TRUE) -> FALSE | S3: =AND(D3,TRUE) -> TRUE | T3: =AND(E3,TRUE) -> TRUE | U3: =AND(F3,TRUE) -> FALSE | V3: =AND(G3,TRUE) -> TRUE | W3: =AND(H3,TRUE) -> TRUE | X3: =AND(I3,TRUE) -> TRUE | Y3: =AND(J3,TRUE) -> FALSE | ... AF3: =AND(Q3,TRUE) -> #REF! | AG3: =AND(C3:D3,C3) -> FALSE | AH3: {=AND(FALSE,C3:Q3)} -> #VALUE! | AI3: #VALUE! | AJ3: {=AND(C3:P3,D3:Q3)} -> #VALUE! | AK3: #VALUE! | AL3: {=AND(C3:D3,C3)} -> FALSE | AM3: FALSE | AN3: FALSE | AO3: =AND(F3,C3) -> FALSE | AP3: =AND(TRUE,"0",#REF!) -> #REF! | AQ3: =AND(TRUE,#REF!,"0") -> #REF! | AR3: =AND(H3:I3) -> #VALUE! | AS3: =AND(TRUE,"ciao",#REF!,"0") -> #REF! | AT3: =AND(TRUE,"0") -> TRUE
A4: BYCOL | B4: DONE | C4: 0 | D4: 1 | E4: 2.3 | F4: 0 | G4: -1 | I4: 0 | J4: =FALSE -> FALSE | K4: =#VALUE! -> #VALUE! | L4: #N/A | M4: #DIV/0! | N4: #NAME? | O4: #NULL! | P4: #NUM! | Q4: #REF! | R4: {=_xlfn.BYCOL(C4:Q5,_xlfn.LAMBDA(_xlpm.x,SUM(_xlpm.x)))} -> 0 | S4: 2 | T4: 4.6 | U4: 1 | V4: -2 | W4: 0 | X4: 0 | Y4: 0 | Z4: #VALUE! | AA4: #N/A | AB4: #DIV/0! | AC4: #NAME? | AD4: #NULL! | AE4: #NUM! | AF4: #REF! | AG4: =AND(C4:D4,C4) -> FALSE | AH4: {=AND(FALSE,C4:Q4)} -> #VALUE! | AI4: #VALUE! | AJ4: {=AND(C4:P4,D4:Q4)} -> #VALUE! | AK4: #VALUE! | AL4: {=AND(C4:D4,C4)} -> FALSE | AM4: FALSE | AN4: FALSE | AO4: =AND(F4,C4) -> FALSE | AP4: =AND(TRUE,"0",#REF!) -> #REF! | AQ4: =AND(TRUE,#REF!,"0") -> #REF! | AR4: =AND(H4:I4) -> #VALUE! | AS4: =AND(TRUE,"ciao",#REF!,"0") -> #REF! | AT4: =AND(TRUE,"0") -> TRUE
A5: BYROW | B5: DONE | C5: 0 | D5: 1 | E5: 2.3 | F5: 1 | G5: -1 | I5: 0 | J5: =FALSE -> FALSE | K5: =2 -> 2 | L5: #N/A | M5: #DIV/0! | N5: #NAME? | O5: #NULL! | P5: #NUM! | Q5: #REF! | R5: {=_xlfn.BYROW(C4:J5,_xlfn.LAMBDA(_xlpm.x,SUM(_xlpm.x)))} -> 2.3 | S5: {=_xlfn.BYROW(C4:E5,_xleta.SUM)} -> 3.3 | T5: {=_xlfn.BYROW(D4:F5,_xleta.SUM)} -> 3.3 | U5: {=_xlfn.BYROW(E4:G5,_xleta.SUM)} -> 1.3 | V5: {=_xlfn.BYROW(F4:H5,_xleta.SUM)} -> -1 | W5: {=_xlfn.BYROW(G4:I5,_xleta.SUM)} -> -1 | X5: {=_xlfn.BYROW(H4:J5,_xleta.SUM)} -> 0 | Y5: {=_xlfn.BYROW(I4:K5,_xleta.SUM)} -> #VALUE! | Z5: {=_xlfn.BYROW(J4:L5,_xleta.SUM)} -> #VALUE! | ... AF5: {=_xlfn.BYROW(P4:R5,_xleta.SUM)} -> #NUM!
R6: 3.3 | S6: 3.3 | T6: 4.3 | U6: 2.3 | V6: 0 | W6: -1 | X6: 0 | Y6: 2 | Z6: #N/A | AA6: #N/A | AB6: #N/A | AC6: #DIV/0! | AD6: #NAME? | AE6: #NULL! | AF6: #NUM!
A7: FALSE | B7: DONE | J7: =FALSE -> FALSE | W7: =FALSE() -> FALSE | AH7: {=FALSE()} -> FALSE | AI7: FALSE | AJ7: FALSE | AK7: FALSE | AL7: FALSE | AM7: FALSE | AN7: FALSE | AO7: FALSE | AP7: {=FALSE} -> FALSE | AQ7: FALSE | AR7: FALSE | AS7: FALSE | AT7: FALSE | AU7: FALSE | AV7: FALSE | AW7: FALSE
